-- phpMyAdmin SQL Dump
-- version 5.2.2
-- https://www.phpmyadmin.net/
--
-- Host: localhost
-- Waktu pembuatan: 14 Bulan Mei 2026 pada 14.51
-- Versi server: 8.0.30
-- Versi PHP: 8.2.29

SET SQL_MODE = "NO_AUTO_VALUE_ON_ZERO";
START TRANSACTION;
SET time_zone = "+00:00";


/*!40101 SET @OLD_CHARACTER_SET_CLIENT=@@CHARACTER_SET_CLIENT */;
/*!40101 SET @OLD_CHARACTER_SET_RESULTS=@@CHARACTER_SET_RESULTS */;
/*!40101 SET @OLD_COLLATION_CONNECTION=@@COLLATION_CONNECTION */;
/*!40101 SET NAMES utf8mb4 */;

--
-- Database: `monitoring-rooms-v2`
--

-- --------------------------------------------------------

--
-- Struktur dari tabel `barang`
--

CREATE TABLE `barang` (
  `id_barang` int NOT NULL,
  `nama_barang` varchar(100) CHARACTER SET utf8mb4 COLLATE utf8mb4_general_ci DEFAULT NULL,
  `delete_at` int NOT NULL DEFAULT '1',
  `id_kategori` int DEFAULT NULL
) ENGINE=InnoDB DEFAULT CHARSET=utf8mb4 COLLATE=utf8mb4_general_ci;

--
-- Dumping data untuk tabel `barang`
--

INSERT INTO `barang` (`id_barang`, `nama_barang`, `delete_at`, `id_kategori`) VALUES
(8, 'Kursi Dosen', 1, 3),
(9, 'Kursi Mahasiswa', 1, 3),
(10, 'Papan Tulis', 1, NULL),
(11, 'Lampu', 1, NULL),
(12, 'Komputer', 1, NULL),
(13, 'Meja Dosen', 1, NULL),
(15, 'AC', 1, NULL),
(16, 'Stop Kontak', 1, NULL),
(17, 'Saklar Lampu', 1, NULL),
(20, 'Proyektor', 1, NULL),
(21, 'Dispenser', 1, NULL),
(22, 'Meja Rapat', 1, NULL),
(23, 'Smart TV', 1, NULL),
(24, 'Proyektor', 0, NULL),
(25, 'Papan Tulis Portable', 1, NULL),
(26, 'Lemari', 1, 6),
(27, 'Kulkas', 1, NULL),
(28, 'Drawer ( Laci Besi )', 1, NULL),
(29, 'Monitor', 1, NULL),
(30, 'Keyboard', 1, NULL),
(31, 'Mouse', 1, NULL),
(32, 'Casing PC', 1, NULL),
(33, 'Meja Komputer', 1, NULL),
(34, 'Motor MBG', 1, 1);

-- --------------------------------------------------------

--
-- Struktur dari tabel `container`
--

CREATE TABLE `container` (
  `id_container` int NOT NULL,
  `kode_ruangan` varchar(10) CHARACTER SET utf8mb4 COLLATE utf8mb4_general_ci NOT NULL,
  `id_barang` int NOT NULL,
  `id_user` int NOT NULL,
  `qr_data` varchar(255) COLLATE utf8mb4_general_ci NOT NULL,
  `created_at` datetime NOT NULL DEFAULT CURRENT_TIMESTAMP
) ENGINE=InnoDB DEFAULT CHARSET=utf8mb4 COLLATE=utf8mb4_general_ci;

--
-- Dumping data untuk tabel `container`
--

INSERT INTO `container` (`id_container`, `kode_ruangan`, `id_barang`, `id_user`, `qr_data`, `created_at`) VALUES
(7, 'V.102', 26, 1, 'http://localhost/projects/montoring-rooms-v3/public/home/container/7', '2026-05-13 11:16:12'),
(9, 'V.1019', 26, 1, 'http://localhost/projects/montoring-rooms-v3/public/home/container/9', '2026-05-13 11:35:46'),
(10, 'V.1022', 26, 1, 'http://localhost/projects/montoring-rooms-v3/public/home/container/10', '2026-05-13 15:03:56'),
(11, 'V.1023', 26, 1, 'http://localhost/projects/montoring-rooms-v3/public/home/container/11', '2026-05-13 15:07:03'),
(12, 'V.1033', 26, 1, 'http://localhost/projects/montoring-rooms-v3/public/home/container/12', '2026-05-14 20:48:45'),
(13, 'V.115', 26, 1, 'http://localhost/projects/montoring-rooms-v3/public/home/container/13', '2026-05-14 20:49:08');

-- --------------------------------------------------------

--
-- Struktur dari tabel `container_barang`
--

CREATE TABLE `container_barang` (
  `id_container_barang` int NOT NULL,
  `id_container` int NOT NULL,
  `id_barang` int NOT NULL,
  `kondisi_baik` int NOT NULL DEFAULT '0',
  `kondisi_rusak` int NOT NULL DEFAULT '0',
  `created_at` datetime NOT NULL DEFAULT CURRENT_TIMESTAMP
) ENGINE=InnoDB DEFAULT CHARSET=utf8mb4 COLLATE=utf8mb4_general_ci;

--
-- Dumping data untuk tabel `container_barang`
--

INSERT INTO `container_barang` (`id_container_barang`, `id_container`, `id_barang`, `kondisi_baik`, `kondisi_rusak`, `created_at`) VALUES
(4, 13, 34, 12, 0, '2026-05-14 20:50:16'),
(5, 13, 9, 1, 0, '2026-05-14 20:50:16');

-- --------------------------------------------------------

--
-- Struktur dari tabel `kategori_barang`
--

CREATE TABLE `kategori_barang` (
  `id_kategori` int NOT NULL,
  `nama_kategori` varchar(100) COLLATE utf8mb4_general_ci NOT NULL,
  `created_at` datetime DEFAULT CURRENT_TIMESTAMP
) ENGINE=InnoDB DEFAULT CHARSET=utf8mb4 COLLATE=utf8mb4_general_ci;

--
-- Dumping data untuk tabel `kategori_barang`
--

INSERT INTO `kategori_barang` (`id_kategori`, `nama_kategori`, `created_at`) VALUES
(1, 'Ruangan Dosen', '2026-05-11 15:56:20'),
(3, 'Ruangan Kelas', '2026-05-11 15:56:20'),
(5, 'Ruang Labolatorium', '2026-05-11 16:00:43'),
(6, 'Container', '2026-05-13 09:48:02');

-- --------------------------------------------------------

--
-- Struktur dari tabel `laporan`
--

CREATE TABLE `laporan` (
  `id_laporan` int NOT NULL,
  `id_user` int DEFAULT NULL,
  `id_barang` int DEFAULT NULL,
  `kode_ruangan` varchar(10) CHARACTER SET utf8mb4 COLLATE utf8mb4_general_ci DEFAULT NULL,
  `id_container` int DEFAULT NULL,
  `jenis_laporan` varchar(50) CHARACTER SET utf8mb4 COLLATE utf8mb4_general_ci DEFAULT NULL,
  `deskripsi` text CHARACTER SET utf8mb4 COLLATE utf8mb4_general_ci,
  `foto` text CHARACTER SET utf8mb4 COLLATE utf8mb4_general_ci,
  `status_laporan` varchar(50) CHARACTER SET utf8mb4 COLLATE utf8mb4_general_ci DEFAULT NULL,
  `jumlah_barang` int DEFAULT NULL,
  `delete_at` int NOT NULL DEFAULT '1',
  `created_at` datetime NOT NULL DEFAULT CURRENT_TIMESTAMP,
  `is_processed` tinyint(1) DEFAULT '0'
) ENGINE=InnoDB DEFAULT CHARSET=utf8mb4 COLLATE=utf8mb4_general_ci;

--
-- Dumping data untuk tabel `laporan`
--

INSERT INTO `laporan` (`id_laporan`, `id_user`, `id_barang`, `kode_ruangan`, `id_container`, `jenis_laporan`, `deskripsi`, `foto`, `status_laporan`, `jumlah_barang`, `delete_at`, `created_at`, `is_processed`) VALUES
(9, 104, 8, 'V.624', NULL, 'rusak', 'Kursi Kakinya Patah', '6a01365a761bb.png', 'Selesai', 1, 1, '2026-05-11 08:52:26', 0),
(10, 104, 15, 'V.624', NULL, 'rusak', 'AC Bocor', '6a01783a39ff6.png', 'Proses', 1, 1, '2026-05-11 13:33:30', 0),
(11, 1, 8, 'V.101', NULL, 'Rusak', 'Kursi yang berada di ruangan ini rusak', 'foto_1778500063_3630.png', 'Selesai', 1, 1, '2026-05-11 18:47:43', 0);

-- --------------------------------------------------------

--
-- Struktur dari tabel `riwayat_export`
--

CREATE TABLE `riwayat_export` (
  `id_export` int NOT NULL,
  `judul` varchar(255) NOT NULL,
  `created_at` datetime NOT NULL DEFAULT CURRENT_TIMESTAMP
) ENGINE=InnoDB DEFAULT CHARSET=utf8mb4 COLLATE=utf8mb4_0900_ai_ci;

--
-- Dumping data untuk tabel `riwayat_export`
--

INSERT INTO `riwayat_export` (`id_export`, `judul`, `created_at`) VALUES
(1, 'Export Semua Data Monitoring Ruangan', '2026-05-01 14:06:31'),
(2, 'Laporan_Semua_Inventaris_Ruangan_20260501_071232.xls', '2026-05-01 14:12:32');

-- --------------------------------------------------------

--
-- Struktur dari tabel `ruangan`
--

CREATE TABLE `ruangan` (
  `kode_ruangan` varchar(10) CHARACTER SET utf8mb4 COLLATE utf8mb4_general_ci NOT NULL,
  `nama_ruangan` varchar(100) CHARACTER SET utf8mb4 COLLATE utf8mb4_general_ci NOT NULL,
  `lokasi` varchar(255) CHARACTER SET utf8mb4 COLLATE utf8mb4_general_ci NOT NULL,
  `qr_data` varchar(255) CHARACTER SET utf8mb4 COLLATE utf8mb4_general_ci NOT NULL,
  `status_ruangan` enum('aktif','non aktif','maintance') CHARACTER SET utf8mb4 COLLATE utf8mb4_general_ci NOT NULL DEFAULT 'aktif',
  `delete_at` int NOT NULL DEFAULT '1'
) ENGINE=InnoDB DEFAULT CHARSET=utf8mb4 COLLATE=utf8mb4_general_ci;

--
-- Dumping data untuk tabel `ruangan`
--

INSERT INTO `ruangan` (`kode_ruangan`, `nama_ruangan`, `lokasi`, `qr_data`, `status_ruangan`, `delete_at`) VALUES
('V.101', 'Rungan Kelas', 'Lt.1 Gedung A', 'http://localhost/projects/montoring-rooms/public/home/index/V.101', 'aktif', 1),
('V.1019', 'Ruang Kelas', 'Lt.10 Gedung A', 'http://localhost/projects/montoring-rooms/public/home/index/V.1019\r', 'aktif', 1),
('V.102', 'Ruang Kelas', 'Lt.1 Gedung A', 'http://localhost/projects/montoring-rooms/public/home/index/V.102\r', 'aktif', 1),
('V.1020', 'Ruang Kelas', 'Lt.10 Gedung A', 'http://localhost/projects/montoring-rooms/public/home/index/V.1020\r', 'aktif', 1),
('V.1021', 'Ruang Kelas', 'Lt.10 Gedung A', 'http://localhost/projects/montoring-rooms/public/home/index/V.1021\r', 'aktif', 1),
('V.1022', 'Ruang Kelas', 'Lt.10 Gedung A', 'http://localhost/projects/montoring-rooms/public/home/index/V.1022\r', 'aktif', 1),
('V.1023', 'Ruang Kelas', 'Lt.10 Gedung A', 'http://localhost/projects/montoring-rooms/public/home/index/V.1023\r', 'aktif', 1),
('V.1024', 'Ruang Kelas', 'Lt.10 Gedung A', 'http://localhost/projects/montoring-rooms/public/home/index/V.1024\r', 'aktif', 1),
('V.1025', 'Ruang Kelas', 'Lt.10 Gedung A', 'http://localhost/projects/montoring-rooms/public/home/index/V.1025\r', 'aktif', 1),
('V.1026', 'Ruang Kelas', 'Lt.10 Gedung A', 'http://localhost/projects/montoring-rooms/public/home/index/V.1026\r', 'aktif', 1),
('V.1027', 'Ruang Kelas', 'Lt.10 Gedung A', 'http://localhost/projects/montoring-rooms/public/home/index/V.1027\r', 'aktif', 1),
('V.103', 'Ruang Kelas', 'Lt.1 Gedung A', 'http://localhost/projects/montoring-rooms/public/home/index/V.103\r', 'aktif', 1),
('V.1031', 'Ruang Kelas', 'Lt.10 Gedung A', 'http://localhost/projects/montoring-rooms/public/home/index/V.1031\r', 'aktif', 1),
('V.1032', 'Ruang Kelas', 'Lt.10 Gedung A', 'http://localhost/projects/montoring-rooms/public/home/index/V.1032\r', 'aktif', 1),
('V.1033', 'Ruang Kelas', 'Lt.10 Gedung A', 'http://localhost/projects/montoring-rooms/public/home/index/V.1033\r', 'aktif', 1),
('V.1034', 'Ruang Kelas', 'Lt.10 Gedung A', 'http://localhost/projects/montoring-rooms/public/home/index/V.1034\r', 'aktif', 1),
('V.1035', 'Ruang Kelas', 'Lt.10 Gedung A', 'http://localhost/projects/montoring-rooms/public/home/index/V.1035\r', 'aktif', 1),
('V.104', 'Ruang Kelas', 'Lt.1 Gedung A', 'http://localhost/projects/montoring-rooms/public/home/index/V.104\r', 'aktif', 1),
('V.105', 'Ruang Kelas', 'Lt.1 Gedung A', 'http://localhost/projects/montoring-rooms/public/home/index/V.105\r', 'aktif', 1),
('V.1059', 'Ruang Kelas', 'Lt.10 Gedung A', 'http://localhost/projects/montoring-rooms/public/home/index/V.1059\r', 'aktif', 1),
('V.106', 'Ruang Pusat Layanan Difabel', 'Lt. 1 Gedung A', 'http://localhost/projects/montoring-rooms/public/home/index/V.106', 'aktif', 1),
('V.1060', 'Ruang Kelas', 'Lt.10 Gedung A', 'http://localhost/projects/montoring-rooms/public/home/index/V.1060\r', 'aktif', 1),
('V.1061', 'Ruang Kelas', 'Lt.10 Gedung A', 'http://localhost/projects/montoring-rooms/public/home/index/V.1061\r', 'aktif', 1),
('V.107', 'Ruang Kelas', 'Lt.1 Gedung A', 'http://localhost/projects/montoring-rooms/public/home/index/V.107\r', 'aktif', 1),
('V.108', 'Ruang Kelas', 'Lt.1 Gedung A', 'http://localhost/projects/montoring-rooms/public/home/index/V.108\r', 'aktif', 1),
('V.109', 'Ruang Kelas', 'Lt.1 Gedung A', 'http://localhost/projects/montoring-rooms/public/home/index/V.109\r', 'aktif', 1),
('V.110', 'Ruang Kelas', 'Lt.1 Gedung A', 'http://localhost/projects/montoring-rooms/public/home/index/V.110\r', 'aktif', 1),
('V.111', 'Ruang Kelas', 'Lt.1 Gedung A', 'http://localhost/projects/montoring-rooms/public/home/index/V.111\r', 'aktif', 1),
('V.11111', 'Ruang Kelas', 'Lt.1 Gedung A', 'http://localhost/projects/montoring-rooms/public/home/index/V.11111', 'aktif', 1),
('V.112', 'Ruang Kelas', 'Lt.1 Gedung A', 'http://localhost/projects/montoring-rooms/public/home/index/V.112\r', 'aktif', 1),
('V.113', 'Ruang Kelas', 'Lt.1 Gedung A', 'http://localhost/projects/montoring-rooms/public/home/index/V.113\r', 'aktif', 1),
('V.114', 'Ruang Kelas', 'Lt.1 Gedung A', 'http://localhost/projects/montoring-rooms/public/home/index/V.114\r', 'aktif', 1),
('V.115', 'Ruang Kelas', 'Lt.1 Gedung A', 'http://localhost/projects/montoring-rooms/public/home/index/V.115\r', 'aktif', 1),
('V.116', 'Ruang Kelas', 'Lt.1 Gedung A', 'http://localhost/projects/montoring-rooms/public/home/index/V.116\r', 'aktif', 1),
('V.117', 'Ruang Kelas', 'Lt.1 Gedung A', 'http://localhost/projects/montoring-rooms/public/home/index/V.117\r', 'aktif', 1),
('V.118', 'Ruang Kelas', 'Lt.1 Gedung A', 'http://localhost/projects/montoring-rooms/public/home/index/V.118\r', 'aktif', 1),
('V.119', 'Ruang Kelas', 'Lt.1 Gedung A', 'http://localhost/projects/montoring-rooms/public/home/index/V.119\r', 'aktif', 1),
('V.120', 'Ruang Kelas', 'Lt.1 Gedung A', 'http://localhost/projects/montoring-rooms/public/home/index/V.120\r', 'aktif', 1),
('V.121', 'Ruang Kelas', 'Lt.1 Gedung A', 'http://localhost/projects/montoring-rooms/public/home/index/V.121\r', 'aktif', 1),
('V.1212', 'Ruangan Kelas', 'Lt.1 Gedung A', 'http://localhost/projects/montoring-rooms/public/home/index/V.1212', 'aktif', 1),
('V.122', 'Ruang Kelas', 'Lt.1 Gedung A', 'http://localhost/projects/montoring-rooms/public/home/index/V.122\r', 'aktif', 1),
('V.123', 'Ruang Kelas', 'Lt.1 Gedung A', 'http://localhost/projects/montoring-rooms/public/home/index/V.123\r', 'aktif', 1),
('V.124', 'Ruang Kelas', 'Lt.1 Gedung A', 'http://localhost/projects/montoring-rooms/public/home/index/V.124\r', 'aktif', 1),
('V.125', 'Ruang Kelas', 'Lt.1 Gedung A', 'http://localhost/projects/montoring-rooms/public/home/index/V.125\r', 'aktif', 1),
('V.126', 'Ruang Kelas', 'Lt.1 Gedung A', 'http://localhost/projects/montoring-rooms/public/home/index/V.126\r', 'aktif', 1),
('V.127', 'Ruang Kelas', 'Lt.1 Gedung A', 'http://localhost/projects/montoring-rooms/public/home/index/V.127\r', 'aktif', 1),
('V.128', 'Ruang Kelas', 'Lt.1 Gedung A', 'http://localhost/projects/montoring-rooms/public/home/index/V.128\r', 'aktif', 1),
('V.201', 'Ruang Kelas', 'Lt.2 Gedung A', 'http://localhost/projects/montoring-rooms/public/home/index/V.201\r', 'aktif', 1),
('V.202', 'Ruang Kelas', 'Lt.2 Gedung A', 'http://localhost/projects/montoring-rooms/public/home/index/V.202\r', 'aktif', 1),
('V.203', 'Ruang Kelas', 'Lt.2 Gedung A', 'http://localhost/projects/montoring-rooms/public/home/index/V.203\r', 'aktif', 1),
('V.204', 'Ruang Kelas', 'Lt.2 Gedung A', 'http://localhost/projects/montoring-rooms/public/home/index/V.204\r', 'aktif', 1),
('V.205', 'Ruang Kelas', 'Lt.2 Gedung A', 'http://localhost/projects/montoring-rooms/public/home/index/V.205\r', 'aktif', 1),
('V.206', 'Ruang Kelas', 'Lt.2 Gedung A', 'http://localhost/projects/montoring-rooms/public/home/index/V.206\r', 'aktif', 1),
('V.207', 'Ruang Kelas', 'Lt.2 Gedung A', 'http://localhost/projects/montoring-rooms/public/home/index/V.207\r', 'aktif', 1),
('V.208', 'Ruang Kelas', 'Lt.2 Gedung A', 'http://localhost/projects/montoring-rooms/public/home/index/V.208\r', 'aktif', 1),
('V.208A', 'Ruang Kelas', 'Lt.2 Gedung A', 'http://localhost/projects/montoring-rooms/public/home/index/V.208A\r', 'aktif', 1),
('V.209', 'Ruang Kelas', 'Lt.2 Gedung A', 'http://localhost/projects/montoring-rooms/public/home/index/V.209\r', 'aktif', 1),
('V.210', 'Ruang Kelas', 'Lt.2 Gedung A', 'http://localhost/projects/montoring-rooms/public/home/index/V.210\r', 'aktif', 1),
('V.211', 'Ruang Kelas', 'Lt.2 Gedung A', 'http://localhost/projects/montoring-rooms/public/home/index/V.211\r', 'aktif', 1),
('V.212', 'Ruang Kelas', 'Lt.2 Gedung A', 'http://localhost/projects/montoring-rooms/public/home/index/V.212\r', 'aktif', 1),
('V.213', 'Ruang Kelas', 'Lt.2 Gedung A', 'http://localhost/projects/montoring-rooms/public/home/index/V.213\r', 'aktif', 1),
('V.214', 'Ruang Kelas', 'Lt.2 Gedung A', 'http://localhost/projects/montoring-rooms/public/home/index/V.214\r', 'aktif', 1),
('V.215', 'Ruang Kelas', 'Lt.2 Gedung A', 'http://localhost/projects/montoring-rooms/public/home/index/V.215\r', 'aktif', 1),
('V.216', 'Ruang Kelas', 'Lt.2 Gedung A', 'http://localhost/projects/montoring-rooms/public/home/index/V.216\r', 'aktif', 1),
('V.217', 'Ruang Kelas', 'Lt.2 Gedung A', 'http://localhost/projects/montoring-rooms/public/home/index/V.217\r', 'aktif', 1),
('V.218', 'Ruang Kelas', 'Lt.2 Gedung A', 'http://localhost/projects/montoring-rooms/public/home/index/V.218\r', 'aktif', 1),
('V.219', 'Ruang Kelas', 'Lt.2 Gedung A', 'http://localhost/projects/montoring-rooms/public/home/index/V.219\r', 'aktif', 1),
('V.219A', 'Ruang Kelas', 'Lt.2 Gedung A', 'http://localhost/projects/montoring-rooms/public/home/index/V.219A\r', 'aktif', 1),
('V.220', 'Ruang Kelas', 'Lt.2 Gedung A', 'http://localhost/projects/montoring-rooms/public/home/index/V.220\r', 'aktif', 1),
('V.221', 'Ruang Kelas', 'Lt.2 Gedung A', 'http://localhost/projects/montoring-rooms/public/home/index/V.221\r', 'aktif', 1),
('V.222', 'Ruang Kelas', 'Lt.2 Gedung A', 'http://localhost/projects/montoring-rooms/public/home/index/V.222\r', 'aktif', 1),
('V.223', 'Ruang Kelas', 'Lt.2 Gedung A', 'http://localhost/projects/montoring-rooms/public/home/index/V.223\r', 'aktif', 1),
('V.224', 'Ruang Kelas', 'Lt.2 Gedung A', 'http://localhost/projects/montoring-rooms/public/home/index/V.224\r', 'aktif', 1),
('V.225', 'Ruang Kelas', 'Lt.2 Gedung A', 'http://localhost/projects/montoring-rooms/public/home/index/V.225\r', 'aktif', 1),
('V.226', 'Ruang Kelas', 'Lt.2 Gedung A', 'http://localhost/projects/montoring-rooms/public/home/index/V.226\r', 'aktif', 1),
('V.244', 'Ruang Kelas', 'Lt.2 Gedung A', 'http://localhost/projects/montoring-rooms/public/home/index/V.244\r', 'aktif', 1),
('V.245', 'Ruang Kelas', 'Lt.2 Gedung A', 'http://localhost/projects/montoring-rooms/public/home/index/V.245\r', 'aktif', 1),
('V.246', 'Ruang Kelas', 'Lt.2 Gedung A', 'http://localhost/projects/montoring-rooms/public/home/index/V.246\r', 'aktif', 1),
('V.301', 'Ruang Kelas', 'Lt. 3 Gedung A', 'http://localhost/projects/montoring-rooms/public/home/index/V.301\r', 'aktif', 1),
('V.302', 'Ruang Kelas', 'Lt. 3 Gedung A', 'http://localhost/projects/montoring-rooms/public/home/index/V.302\r', 'aktif', 1),
('V.303', 'Ruang Kelas', 'Lt. 3 Gedung A', 'http://localhost/projects/montoring-rooms/public/home/index/V.303\r', 'aktif', 1),
('V.304', 'Ruang Kelas', 'Lt. 3 Gedung A', 'http://localhost/projects/montoring-rooms/public/home/index/V.304\r', 'aktif', 1),
('V.305', 'Ruang Kelas', 'Lt. 3 Gedung A', 'http://localhost/projects/montoring-rooms/public/home/index/V.305\r', 'aktif', 1),
('V.306', 'Ruang Kelas', 'Lt. 3 Gedung A', 'http://localhost/projects/montoring-rooms/public/home/index/V.306\r', 'aktif', 1),
('V.307', 'Ruang Kelas', 'Lt. 3 Gedung A', 'http://localhost/projects/montoring-rooms/public/home/index/V.307\r', 'aktif', 1),
('V.308', 'Ruang Kelas', 'Lt. 3 Gedung A', 'http://localhost/projects/montoring-rooms/public/home/index/V.308\r', 'aktif', 1),
('V.308A', 'Ruang Kelas', 'Lt. 3 Gedung A', 'http://localhost/projects/montoring-rooms/public/home/index/V.308A\r', 'aktif', 1),
('V.309', 'Ruang Kelas', 'Lt. 3 Gedung A', 'http://localhost/projects/montoring-rooms/public/home/index/V.309\r', 'aktif', 1),
('V.310', 'Ruang Kelas', 'Lt. 3 Gedung A', 'http://localhost/projects/montoring-rooms/public/home/index/V.310\r', 'aktif', 1),
('V.311', 'Ruang Kelas', 'Lt. 3 Gedung A', 'http://localhost/projects/montoring-rooms/public/home/index/V.311\r', 'aktif', 1),
('V.312', 'Ruang Kelas', 'Lt. 3 Gedung A', 'http://localhost/projects/montoring-rooms/public/home/index/V.312\r', 'aktif', 1),
('V.313', 'Ruang Kelas', 'Lt. 3 Gedung A', 'http://localhost/projects/montoring-rooms/public/home/index/V.313\r', 'aktif', 1),
('V.314', 'Ruang Kelas', 'Lt. 3 Gedung A', 'http://localhost/projects/montoring-rooms/public/home/index/V.314\r', 'aktif', 1),
('V.315', 'Ruang Kelas', 'Lt. 3 Gedung A', 'http://localhost/projects/montoring-rooms/public/home/index/V.315\r', 'aktif', 1),
('V.316', 'Ruang Kelas', 'Lt. 3 Gedung A', 'http://localhost/projects/montoring-rooms/public/home/index/V.316\r', 'aktif', 1),
('V.317', 'Ruang Kelas', 'Lt. 3 Gedung A', 'http://localhost/projects/montoring-rooms/public/home/index/V.317\r', 'aktif', 1),
('V.317A', 'Ruang Kelas', 'Lt. 3 Gedung A', 'http://localhost/projects/montoring-rooms/public/home/index/V.317A\r', 'aktif', 1),
('V.318', 'Ruang Kelas', 'Lt. 3 Gedung A', 'http://localhost/projects/montoring-rooms/public/home/index/V.318\r', 'aktif', 1),
('V.319', 'Ruang Kelas', 'Lt. 3 Gedung A', 'http://localhost/projects/montoring-rooms/public/home/index/V.319\r', 'aktif', 1),
('V.320', 'Ruang Kelas', 'Lt. 3 Gedung A', 'http://localhost/projects/montoring-rooms/public/home/index/V.320\r', 'aktif', 1),
('V.321', 'Ruang Kelas', 'Lt. 3 Gedung A', 'http://localhost/projects/montoring-rooms/public/home/index/V.321\r', 'aktif', 1),
('V.322', 'Ruang Kelas', 'Lt. 3 Gedung A', 'http://localhost/projects/montoring-rooms/public/home/index/V.322\r', 'aktif', 1),
('V.323', 'Ruang Kelas', 'Lt. 3 Gedung A', 'http://localhost/projects/montoring-rooms/public/home/index/V.323\r', 'aktif', 1),
('V.324', 'Ruang Kelas', 'Lt. 3 Gedung A', 'http://localhost/projects/montoring-rooms/public/home/index/V.324\r', 'aktif', 1),
('V.325', 'Ruang Kelas', 'Lt. 3 Gedung A', 'http://localhost/projects/montoring-rooms/public/home/index/V.325\r', 'aktif', 1),
('V.331', 'Ruang Kelas', 'Lt. 3 Gedung A', 'http://localhost/projects/montoring-rooms/public/home/index/V.331\r', 'aktif', 1),
('V.332', 'Ruang Kelas', 'Lt. 3 Gedung A', 'http://localhost/projects/montoring-rooms/public/home/index/V.332\r', 'aktif', 1),
('V.333', 'Ruang Kelas', 'Lt. 3 Gedung A', 'http://localhost/projects/montoring-rooms/public/home/index/V.333\r', 'aktif', 1),
('V.334', 'Ruang Kelas', 'Lt. 3 Gedung A', 'http://localhost/projects/montoring-rooms/public/home/index/V.334\r', 'aktif', 1),
('V.335', 'Ruang Kelas', 'Lt. 3 Gedung A', 'http://localhost/projects/montoring-rooms/public/home/index/V.335\r', 'aktif', 1),
('V.336', 'Ruang Kelas', 'Lt. 3 Gedung A', 'http://localhost/projects/montoring-rooms/public/home/index/V.336\r', 'aktif', 1),
('V.338', 'Ruang Kelas', 'Lt. 3 Gedung A', 'http://localhost/projects/montoring-rooms/public/home/index/V.338\r', 'aktif', 1),
('V.339', 'Ruang Kelas', 'Lt. 3 Gedung A', 'http://localhost/projects/montoring-rooms/public/home/index/V.339\r', 'aktif', 1),
('V.340', 'Ruang Kelas', 'Lt. 3 Gedung A', 'http://localhost/projects/montoring-rooms/public/home/index/V.340\r', 'aktif', 1),
('V.341', 'Ruang Kelas', 'Lt. 3 Gedung A', 'http://localhost/projects/montoring-rooms/public/home/index/V.341\r', 'aktif', 1),
('V.343', 'Ruang Kelas', 'Lt. 3 Gedung A', 'http://localhost/projects/montoring-rooms/public/home/index/V.343\r', 'aktif', 1),
('V.344', 'Ruang Kelas', 'Lt. 3 Gedung A', 'http://localhost/projects/montoring-rooms/public/home/index/V.344\r', 'aktif', 1),
('V.345', 'Ruang Kelas', 'Lt. 3 Gedung A', 'http://localhost/projects/montoring-rooms/public/home/index/V.345\r', 'aktif', 1),
('V.346', 'Ruang Kelas', 'Lt. 3 Gedung A', 'http://localhost/projects/montoring-rooms/public/home/index/V.346\r', 'aktif', 1),
('V.347', 'Ruang Kelas', 'Lt. 3 Gedung A', 'http://localhost/projects/montoring-rooms/public/home/index/V.347\r', 'aktif', 1),
('V.348', 'Ruang Kelas', 'Lt. 3 Gedung A', 'http://localhost/projects/montoring-rooms/public/home/index/V.348\r', 'aktif', 1),
('V.349', 'Ruang Kelas', 'Lt. 3 Gedung A', 'http://localhost/projects/montoring-rooms/public/home/index/V.349\r', 'aktif', 1),
('V.352', 'Ruang Kelas', 'Lt. 3 Gedung A', 'http://localhost/projects/montoring-rooms/public/home/index/V.352\r', 'aktif', 1),
('V.353', 'Ruang Kelas', 'Lt. 3 Gedung A', 'http://localhost/projects/montoring-rooms/public/home/index/V.353\r', 'aktif', 1),
('V.354', 'Ruang Kelas', 'Lt. 3 Gedung A', 'http://localhost/projects/montoring-rooms/public/home/index/V.354\r', 'aktif', 1),
('V.355', 'Ruang Kelas', 'Lt. 3 Gedung A', 'http://localhost/projects/montoring-rooms/public/home/index/V.355\r', 'aktif', 1),
('V.356', 'Ruang Kelas', 'Lt. 3 Gedung A', 'http://localhost/projects/montoring-rooms/public/home/index/V.356\r', 'aktif', 1),
('V.357', 'Ruang Kelas', 'Lt. 3 Gedung A', 'http://localhost/projects/montoring-rooms/public/home/index/V.357\r', 'aktif', 1),
('V.358', 'Ruang Kelas', 'Lt. 3 Gedung A', 'http://localhost/projects/montoring-rooms/public/home/index/V.358\r', 'aktif', 1),
('V.359', 'Ruang Kelas', 'Lt. 3 Gedung A', 'http://localhost/projects/montoring-rooms/public/home/index/V.359\r', 'aktif', 1),
('V.403', 'Ruang Kelas', 'Lt. 4 Gedung A', 'http://localhost/projects/montoring-rooms/public/home/index/V.403\r', 'aktif', 1),
('V.404', 'Ruang Kelas', 'Lt. 4 Gedung A', 'http://localhost/projects/montoring-rooms/public/home/index/V.404\r', 'aktif', 1),
('V.405', 'Ruang Kelas', 'Lt. 4 Gedung A', 'http://localhost/projects/montoring-rooms/public/home/index/V.405\r', 'aktif', 1),
('V.406', 'Ruang Kelas', 'Lt. 4 Gedung A', 'http://localhost/projects/montoring-rooms/public/home/index/V.406\r', 'aktif', 1),
('V.407', 'Ruang Kelas', 'Lt. 4 Gedung A', 'http://localhost/projects/montoring-rooms/public/home/index/V.407\r', 'aktif', 1),
('V.408', 'Ruang Kelas', 'Lt. 4 Gedung A', 'http://localhost/projects/montoring-rooms/public/home/index/V.408\r', 'aktif', 1),
('V.409', 'Ruang Kelas', 'Lt. 4 Gedung A', 'http://localhost/projects/montoring-rooms/public/home/index/V.409\r', 'aktif', 1),
('V.410', 'Ruang Kelas', 'Lt. 4 Gedung A', 'http://localhost/projects/montoring-rooms/public/home/index/V.410\r', 'aktif', 1),
('V.411', 'Ruang Kelas', 'Lt. 4 Gedung A', 'http://localhost/projects/montoring-rooms/public/home/index/V.411\r', 'aktif', 1),
('V.462', 'Ruang Kelas', 'Lt. 4 Gedung A', 'http://localhost/projects/montoring-rooms/public/home/index/V.462\r', 'aktif', 1),
('V.463', 'Ruang Kelas', 'Lt. 4 Gedung A', 'http://localhost/projects/montoring-rooms/public/home/index/V.463\r', 'aktif', 1),
('V.523', 'Ruang Kelas', 'Lt. 5 Gedung A', 'http://localhost/projects/montoring-rooms/public/home/index/V.523\r', 'aktif', 1),
('V.524', 'Ruang Kelas', 'Lt. 5 Gedung A', 'http://localhost/projects/montoring-rooms/public/home/index/V.524\r', 'aktif', 1),
('V.525', 'Ruang Kelas', 'Lt. 5 Gedung A', 'http://localhost/projects/montoring-rooms/public/home/index/V.525\r', 'aktif', 1),
('V.526', 'Ruang Kelas', 'Lt. 5 Gedung A', 'http://localhost/projects/montoring-rooms/public/home/index/V.526\r', 'aktif', 1),
('V.527', 'Ruang Kelas', 'Lt. 5 Gedung A', 'http://localhost/projects/montoring-rooms/public/home/index/V.527\r', 'aktif', 1),
('V.528', 'Ruang Kelas', 'Lt. 5 Gedung A', 'http://localhost/projects/montoring-rooms/public/home/index/V.528\r', 'aktif', 1),
('V.529', 'Ruang Kelas', 'Lt. 5 Gedung A', 'http://localhost/projects/montoring-rooms/public/home/index/V.529\r', 'aktif', 1),
('V.530', 'Ruang Kelas', 'Lt. 5 Gedung A', 'http://localhost/projects/montoring-rooms/public/home/index/V.530\r', 'aktif', 1),
('V.562', 'Ruang Kelas', 'Lt. 5 Gedung A', 'http://localhost/projects/montoring-rooms/public/home/index/V.562\r', 'aktif', 1),
('V.563', 'Ruang Kelas', 'Lt. 5 Gedung A', 'http://localhost/projects/montoring-rooms/public/home/index/V.563\r', 'aktif', 1),
('V.564', 'Ruang Kelas', 'Lt. 5 Gedung A', 'http://localhost/projects/montoring-rooms/public/home/index/V.564\r', 'aktif', 1),
('V.565', 'Ruang Kelas', 'Lt. 5 Gedung A', 'http://localhost/projects/montoring-rooms/public/home/index/V.565\r', 'aktif', 1),
('V.566', 'Ruang Kelas', 'Lt. 5 Gedung A', 'http://localhost/projects/montoring-rooms/public/home/index/V.566\r', 'aktif', 1),
('V.567', 'Ruang Kelas', 'Lt. 5 Gedung A', 'http://localhost/projects/montoring-rooms/public/home/index/V.567\r', 'aktif', 1),
('V.601', 'Ruang Kelas', 'Lt. 6 Gedung A', 'http://localhost/projects/montoring-rooms/public/home/index/V.601\r', 'aktif', 1),
('V.602', 'Ruang Kelas', 'Lt. 6 Gedung A', 'http://localhost/projects/montoring-rooms/public/home/index/V.602\r', 'aktif', 1),
('V.603', 'Ruang Kelas', 'Lt. 6 Gedung A', 'http://localhost/projects/montoring-rooms/public/home/index/V.603\r', 'aktif', 1),
('V.604', 'Ruang Kosong', 'Lt. 6 Gedung A', 'http://localhost/projects/montoring-rooms/public/home/index/V.604', 'aktif', 1),
('V.605', 'Ruang Kelas', 'Lt. 6 Gedung A', 'http://localhost/projects/montoring-rooms/public/home/index/V.605\r', 'aktif', 1),
('V.606', 'Ruang Kelas', 'Lt. 6 Gedung A', 'http://localhost/projects/montoring-rooms/public/home/index/V.606\r', 'aktif', 1),
('V.607', 'Ruang Dosen Level 1', 'Gedung A Lantai 6', 'http://localhost/projects/montoring-rooms/public/home/index/V.607', 'aktif', 1),
('V.608', 'Ruang Kelas', 'Lt. 6 Gedung A', 'http://localhost/projects/montoring-rooms/public/home/index/V.608\r', 'aktif', 1),
('V.609', 'Ruang Kelas', 'Lt. 6 Gedung A', 'http://localhost/projects/montoring-rooms/public/home/index/V.609\r', 'aktif', 1),
('V.610', 'Ruang Kelas', 'Lt. 6 Gedung A', 'http://localhost/projects/montoring-rooms/public/home/index/V.610\r', 'aktif', 1),
('V.611', 'Lemari', 'Gedung A lantai 6', 'http://localhost/projects/montoring-rooms/public/home/index/V.611', 'aktif', 1),
('V.613', 'Ruang Kelas', 'Lt. 6 Gedung A', 'http://localhost/projects/montoring-rooms/public/home/index/V.613\r', 'aktif', 1),
('V.614', 'Ruang Kelas', 'Lt. 6 Gedung A', 'http://localhost/projects/montoring-rooms/public/home/index/V.614\r', 'aktif', 1),
('V.615', 'Ruang Kelas', 'Lt. 6 Gedung A', 'http://localhost/projects/montoring-rooms/public/home/index/V.615\r', 'aktif', 1),
('V.616', 'Ruang Kelas', 'Lt. 6 Gedung A', 'http://localhost/projects/montoring-rooms/public/home/index/V.616\r', 'aktif', 1),
('V.617', 'Ruang Kelas', 'Lt. 6 Gedung A', 'http://localhost/projects/montoring-rooms/public/home/index/V.617\r', 'aktif', 1),
('V.618', 'Ruang Kelas', 'Lt. 6 Gedung A', 'http://localhost/projects/montoring-rooms/public/home/index/V.618\r', 'aktif', 1),
('V.619', 'Ruang Kelas', 'Lt. 6 Gedung A', 'http://localhost/projects/montoring-rooms/public/home/index/V.619\r', 'aktif', 1),
('V.620', 'Ruang Kelas', 'Lt. 6 Gedung A', 'http://localhost/projects/montoring-rooms/public/home/index/V.620\r', 'aktif', 1),
('V.621', 'Ruang Kelas', 'Lt. 6 Gedung A', 'http://localhost/projects/montoring-rooms/public/home/index/V.621\r', 'aktif', 1),
('V.622', 'Ruang Kelas', 'Lt. 6 Gedung A', 'http://localhost/projects/montoring-rooms/public/home/index/V.622\r', 'aktif', 1),
('V.623', 'Ruang Kelas', 'Lt. 6 Gedung A', 'http://localhost/projects/montoring-rooms/public/home/index/V.623\r', 'aktif', 1),
('V.624', 'Ruang Kelas', 'Lt. 6 Gedung A', 'http://localhost/projects/montoring-rooms/public/home/index/V.624\r', 'aktif', 1),
('V.626', 'Ruang Kelas', 'Lt. 6 Gedung A', 'http://localhost/projects/montoring-rooms/public/home/index/V.626\r', 'aktif', 1),
('V.627', 'Ruang Kelas', 'Lt. 6 Gedung A', 'http://localhost/projects/montoring-rooms/public/home/index/V.627\r', 'aktif', 1),
('V.628', 'Ruang Kelas', 'Lt. 6 Gedung A', 'http://localhost/projects/montoring-rooms/public/home/index/V.628\r', 'aktif', 1),
('V.629', 'Ruang Kelas', 'Lt. 6 Gedung A', 'http://localhost/projects/montoring-rooms/public/home/index/V.629\r', 'aktif', 1),
('V.630', 'Ruang Kelas', 'Lt. 6 Gedung A', 'http://localhost/projects/montoring-rooms/public/home/index/V.630\r', 'aktif', 1),
('V.631', 'Ruang Kelas', 'Lt. 6 Gedung A', 'http://localhost/projects/montoring-rooms/public/home/index/V.631\r', 'aktif', 1),
('V.632', 'Ruang Kelas', 'Lt. 6 Gedung A', 'http://localhost/projects/montoring-rooms/public/home/index/V.632\r', 'aktif', 1),
('V.633', 'Ruang Kelas', 'Lt. 6 Gedung A', 'http://localhost/projects/montoring-rooms/public/home/index/V.633\r', 'aktif', 1),
('V.633A', 'Ruang Kelas', 'Lt. 6 Gedung A', 'http://localhost/projects/montoring-rooms/public/home/index/V.633A\r', 'aktif', 1),
('V.701', 'Ruang Kelas', 'Lt. 7 Gedung A', 'http://localhost/projects/montoring-rooms/public/home/index/V.701\r', 'aktif', 1),
('V.702', 'Ruang Kelas', 'Lt. 7 Gedung A', 'http://localhost/projects/montoring-rooms/public/home/index/V.702\r', 'aktif', 1),
('V.703', 'Ruang Kelas', 'Lt. 7 Gedung A', 'http://localhost/projects/montoring-rooms/public/home/index/V.703\r', 'aktif', 1),
('V.704', 'Ruang Kelas', 'Lt. 7 Gedung A', 'http://localhost/projects/montoring-rooms/public/home/index/V.704\r', 'aktif', 1),
('V.705', 'Ruang Kelas', 'Lt. 7 Gedung A', 'http://localhost/projects/montoring-rooms/public/home/index/V.705\r', 'aktif', 1),
('V.706', 'Ruang Kelas', 'Lt. 7 Gedung A', 'http://localhost/projects/montoring-rooms/public/home/index/V.706\r', 'aktif', 1),
('V.707', 'Ruang Kelas', 'Lt. 7 Gedung A', 'http://localhost/projects/montoring-rooms/public/home/index/V.707\r', 'aktif', 1),
('V.708', 'Ruang Kelas', 'Lt. 7 Gedung A', 'http://localhost/projects/montoring-rooms/public/home/index/V.708\r', 'aktif', 1),
('V.709', 'Ruang Kelas', 'Lt. 7 Gedung A', 'http://localhost/projects/montoring-rooms/public/home/index/V.709\r', 'aktif', 1),
('V.710', 'Ruang Kelas', 'Lt. 7 Gedung A', 'http://localhost/projects/montoring-rooms/public/home/index/V.710\r', 'aktif', 1),
('V.711', 'Ruang Kelas', 'Lt. 7 Gedung A', 'http://localhost/projects/montoring-rooms/public/home/index/V.711\r', 'aktif', 1),
('V.712', 'Ruang Kelas', 'Lt. 7 Gedung A', 'http://localhost/projects/montoring-rooms/public/home/index/V.712\r', 'aktif', 1),
('V.713', 'Ruang Kelas', 'Lt. 7 Gedung A', 'http://localhost/projects/montoring-rooms/public/home/index/V.713\r', 'aktif', 1),
('V.714', 'Ruang Kelas', 'Lt. 7 Gedung A', 'http://localhost/projects/montoring-rooms/public/home/index/V.714\r', 'aktif', 1),
('V.715', 'Ruang Kelas', 'Lt. 7 Gedung A', 'http://localhost/projects/montoring-rooms/public/home/index/V.715\r', 'aktif', 1),
('V.716', 'Ruang Kelas', 'Lt. 7 Gedung A', 'http://localhost/projects/montoring-rooms/public/home/index/V.716\r', 'aktif', 1),
('V.717', 'Ruang Kelas', 'Lt. 7 Gedung A', 'http://localhost/projects/montoring-rooms/public/home/index/V.717\r', 'aktif', 1),
('V.718', 'Ruang Kelas', 'Lt. 7 Gedung A', 'http://localhost/projects/montoring-rooms/public/home/index/V.718\r', 'aktif', 1),
('V.719', 'Ruang Kelas', 'Lt. 7 Gedung A', 'http://localhost/projects/montoring-rooms/public/home/index/V.719\r', 'aktif', 1),
('V.720', 'Ruang Kelas', 'Lt. 7 Gedung A', 'http://localhost/projects/montoring-rooms/public/home/index/V.720\r', 'aktif', 1),
('V.721', 'Ruang Kelas', 'Lt. 7 Gedung A', 'http://localhost/projects/montoring-rooms/public/home/index/V.721\r', 'aktif', 1),
('V.722', 'Ruang Kelas', 'Lt. 7 Gedung A', 'http://localhost/projects/montoring-rooms/public/home/index/V.722\r', 'aktif', 1),
('V.723', 'Ruang Kelas', 'Lt. 7 Gedung A', 'http://localhost/projects/montoring-rooms/public/home/index/V.723\r', 'aktif', 1),
('V.723A', 'Ruang Kelas', 'Lt. 7 Gedung A', 'http://localhost/projects/montoring-rooms/public/home/index/V.723A\r', 'aktif', 1),
('V.724', 'Ruang Kelas', 'Lt. 7 Gedung A', 'http://localhost/projects/montoring-rooms/public/home/index/V.724\r', 'aktif', 1),
('V.725', 'Ruang Kelas', 'Lt. 7 Gedung A', 'http://localhost/projects/montoring-rooms/public/home/index/V.725\r', 'aktif', 1),
('V.726', 'Ruang Kelas', 'Lt. 7 Gedung A', 'http://localhost/projects/montoring-rooms/public/home/index/V.726\r', 'aktif', 1),
('V.727', 'Ruang Kelas', 'Lt. 7 Gedung A', 'http://localhost/projects/montoring-rooms/public/home/index/V.727\r', 'aktif', 1),
('V.728', 'Ruang Kelas', 'Lt. 7 Gedung A', 'http://localhost/projects/montoring-rooms/public/home/index/V.728\r', 'aktif', 1),
('V.729', 'Ruang Kelas', 'Lt. 7 Gedung A', 'http://localhost/projects/montoring-rooms/public/home/index/V.729\r', 'aktif', 1),
('V.730', 'Ruang Kelas', 'Lt. 7 Gedung A', 'http://localhost/projects/montoring-rooms/public/home/index/V.730\r', 'aktif', 1),
('V.731', 'Ruang Kelas', 'Lt. 7 Gedung A', 'http://localhost/projects/montoring-rooms/public/home/index/V.731\r', 'aktif', 1),
('V.732', 'Ruang Kelas', 'Lt. 7 Gedung A', 'http://localhost/projects/montoring-rooms/public/home/index/V.732\r', 'aktif', 1),
('V.733', 'Ruang Kelas', 'Lt. 7 Gedung A', 'http://localhost/projects/montoring-rooms/public/home/index/V.733\r', 'aktif', 1),
('V.734', 'Ruang Kelas', 'Lt. 7 Gedung A', 'http://localhost/projects/montoring-rooms/public/home/index/V.734\r', 'aktif', 1),
('V.735', 'Ruang Kelas', 'Lt. 7 Gedung A', 'http://localhost/projects/montoring-rooms/public/home/index/V.735\r', 'aktif', 1),
('V.736', 'Ruang Kelas', 'Lt. 7 Gedung A', 'http://localhost/projects/montoring-rooms/public/home/index/V.736\r', 'aktif', 1),
('V.737', 'Ruang Kelas', 'Lt. 7 Gedung A', 'http://localhost/projects/montoring-rooms/public/home/index/V.737\r', 'aktif', 1),
('V.738', 'Ruang Kelas', 'Lt. 7 Gedung A', 'http://localhost/projects/montoring-rooms/public/home/index/V.738\r', 'aktif', 1),
('V.739', 'Ruang Kelas', 'Lt. 7 Gedung A', 'http://localhost/projects/montoring-rooms/public/home/index/V.739\r', 'aktif', 1),
('V.740', 'Ruang Kelas', 'Lt. 7 Gedung A', 'http://localhost/projects/montoring-rooms/public/home/index/V.740\r', 'aktif', 1),
('V.741', 'Ruang Kelas', 'Lt. 7 Gedung A', 'http://localhost/projects/montoring-rooms/public/home/index/V.741\r', 'aktif', 1),
('V.742', 'Ruang Kelas', 'Lt. 7 Gedung A', 'http://localhost/projects/montoring-rooms/public/home/index/V.742\r', 'aktif', 1),
('V.743', 'Ruang Kelas', 'Lt. 7 Gedung A', 'http://localhost/projects/montoring-rooms/public/home/index/V.743\r', 'aktif', 1),
('V.744', 'Ruang Kelas', 'Lt. 7 Gedung A', 'http://localhost/projects/montoring-rooms/public/home/index/V.744\r', 'aktif', 1),
('V.745', 'Ruang Kelas', 'Lt. 7 Gedung A', 'http://localhost/projects/montoring-rooms/public/home/index/V.745\r', 'aktif', 1),
('V.775', 'Ruang Laboratorium Komputer', 'Gedung C Lantai 8', 'http://localhost/projects/montoring-rooms/public/home/index/V.775', 'aktif', 1),
('v.7777', 'ruang prodi 2', 'gedung A lantai 7', 'http://localhost/projects/montoring-rooms/public/home/index/v.7777', 'aktif', 1),
('V.939', 'Ruang Kelas', 'Lt. 9 Gedung A', 'http://localhost/projects/montoring-rooms/public/home/index/V.939\r', 'aktif', 1),
('V.943', 'Ruang Kelas', 'Lt. 9 Gedung A', 'http://localhost/projects/montoring-rooms/public/home/index/V.943\r', 'aktif', 1),
('V.944', 'Ruang Kelas', 'Lt. 9 Gedung A', 'http://localhost/projects/montoring-rooms/public/home/index/V.944\r', 'aktif', 1),
('V.949', 'Ruang Kelas', 'Lt. 9 Gedung A', 'http://localhost/projects/montoring-rooms/public/home/index/V.949\r', 'aktif', 1),
('V.950', 'Ruang Kelas', 'Lt. 9 Gedung A', 'http://localhost/projects/montoring-rooms/public/home/index/V.950\r', 'aktif', 1),
('V.952', 'Ruang Kelas', 'Lt. 9 Gedung A', 'http://localhost/projects/montoring-rooms/public/home/index/V.952\r', 'aktif', 1),
('V.953', 'Ruang Kelas', 'Lt. 9 Gedung A', 'http://localhost/projects/montoring-rooms/public/home/index/V.953\r', 'aktif', 1),
('V.954', 'Ruang Kelas', 'Lt. 9 Gedung A', 'http://localhost/projects/montoring-rooms/public/home/index/V.954\r', 'aktif', 1),
('V.955', 'Ruang Kelas', 'Lt. 9 Gedung A', 'http://localhost/projects/montoring-rooms/public/home/index/V.955\r', 'aktif', 1),
('V.956', 'Ruang Kelas', 'Lt. 9 Gedung A', 'http://localhost/projects/montoring-rooms/public/home/index/V.956\r', 'aktif', 1),
('V.957', 'Ruang Kelas', 'Lt. 9 Gedung A', 'http://localhost/projects/montoring-rooms/public/home/index/V.957\r', 'aktif', 1),
('V.958', 'Ruang Kelas', 'Lt. 9 Gedung A', 'http://localhost/projects/montoring-rooms/public/home/index/V.958\r', 'aktif', 1),
('V.960', 'Ruang Kelas', 'Lt. 9 Gedung A', 'http://localhost/projects/montoring-rooms/public/home/index/V.960\r', 'aktif', 1),
('V.999', 'Ruangan Kelas', 'Lt.9 Gedung A', 'http://localhost/projects/montoring-rooms-v3/public/home/index/V.999', 'aktif', 1);

-- --------------------------------------------------------

--
-- Struktur dari tabel `ruangan_barang`
--

CREATE TABLE `ruangan_barang` (
  `id_ruangan_barang` int NOT NULL,
  `kode_ruangan` varchar(10) CHARACTER SET utf8mb4 COLLATE utf8mb4_general_ci NOT NULL,
  `id_barang` int NOT NULL,
  `id_user` int NOT NULL,
  `total_barang` int NOT NULL,
  `kondisi_baik` int NOT NULL,
  `kondisi_rusak` int NOT NULL DEFAULT '0',
  `status_pengajuan` enum('diproses','disetujui','ditolak') CHARACTER SET utf8mb4 COLLATE utf8mb4_0900_ai_ci NOT NULL,
  `created_at` datetime NOT NULL DEFAULT CURRENT_TIMESTAMP
) ENGINE=InnoDB DEFAULT CHARSET=utf8mb4 COLLATE=utf8mb4_0900_ai_ci;

--
-- Dumping data untuk tabel `ruangan_barang`
--

INSERT INTO `ruangan_barang` (`id_ruangan_barang`, `kode_ruangan`, `id_barang`, `id_user`, `total_barang`, `kondisi_baik`, `kondisi_rusak`, `status_pengajuan`, `created_at`) VALUES
(57, 'V.102', 10, 1, 1, 1, 0, 'disetujui', '2026-05-01 10:51:07'),
(58, 'V.102', 13, 1, 1, 1, 0, 'disetujui', '2026-05-01 10:51:07'),
(59, 'V.102', 8, 1, 1, 1, 0, 'disetujui', '2026-05-01 10:51:07'),
(60, 'V.102', 9, 1, 45, 44, 1, 'disetujui', '2026-05-01 10:51:07'),
(61, 'V.102', 11, 1, 4, 4, 0, 'disetujui', '2026-05-01 10:51:07'),
(62, 'V.102', 15, 1, 1, 1, 0, 'disetujui', '2026-05-01 10:51:07'),
(63, 'V.102', 16, 1, 2, 2, 0, 'disetujui', '2026-05-01 10:51:07'),
(64, 'V.102', 17, 1, 1, 1, 0, 'disetujui', '2026-05-01 10:51:07'),
(65, 'V.1020', 10, 1, 1, 1, 0, 'disetujui', '2026-05-01 10:51:07'),
(66, 'V.1020', 13, 1, 1, 1, 0, 'disetujui', '2026-05-01 10:51:07'),
(67, 'V.1020', 8, 1, 1, 1, 0, 'disetujui', '2026-05-01 10:51:07'),
(68, 'V.1020', 9, 1, 40, 40, 0, 'disetujui', '2026-05-01 10:51:07'),
(69, 'V.1020', 11, 1, 4, 4, 0, 'disetujui', '2026-05-01 10:51:07'),
(70, 'V.1020', 15, 1, 2, 2, 0, 'disetujui', '2026-05-01 10:51:07'),
(71, 'V.1020', 16, 1, 2, 2, 0, 'disetujui', '2026-05-01 10:51:07'),
(72, 'V.1020', 17, 1, 2, 2, 0, 'disetujui', '2026-05-01 10:51:07'),
(73, 'V.1022', 10, 1, 1, 1, 0, 'disetujui', '2026-05-01 10:51:07'),
(74, 'V.1022', 13, 1, 1, 1, 0, 'disetujui', '2026-05-01 10:51:07'),
(75, 'V.1022', 8, 1, 1, 1, 0, 'disetujui', '2026-05-01 10:51:07'),
(76, 'V.1022', 9, 1, 40, 40, 0, 'disetujui', '2026-05-01 10:51:07'),
(77, 'V.1022', 11, 1, 4, 4, 0, 'disetujui', '2026-05-01 10:51:07'),
(78, 'V.1022', 15, 1, 2, 2, 0, 'disetujui', '2026-05-01 10:51:07'),
(79, 'V.1022', 16, 1, 2, 2, 0, 'disetujui', '2026-05-01 10:51:07'),
(80, 'V.1022', 17, 1, 1, 1, 0, 'disetujui', '2026-05-01 10:51:07'),
(81, 'V.1023', 10, 1, 1, 1, 0, 'disetujui', '2026-05-01 10:51:07'),
(82, 'V.1023', 13, 1, 1, 1, 0, 'disetujui', '2026-05-01 10:51:07'),
(83, 'V.1023', 8, 1, 1, 1, 0, 'disetujui', '2026-05-01 10:51:07'),
(84, 'V.1023', 9, 1, 33, 33, 0, 'disetujui', '2026-05-01 10:51:07'),
(85, 'V.1023', 11, 1, 4, 4, 0, 'disetujui', '2026-05-01 10:51:07'),
(86, 'V.1023', 15, 1, 2, 2, 0, 'disetujui', '2026-05-01 10:51:07'),
(87, 'V.1023', 16, 1, 2, 2, 0, 'disetujui', '2026-05-01 10:51:07'),
(88, 'V.1023', 17, 1, 2, 2, 0, 'disetujui', '2026-05-01 10:51:07'),
(89, 'V.1024', 10, 1, 1, 1, 0, 'disetujui', '2026-05-01 10:51:07'),
(90, 'V.1024', 13, 1, 1, 1, 0, 'disetujui', '2026-05-01 10:51:07'),
(91, 'V.1024', 8, 1, 1, 1, 0, 'disetujui', '2026-05-01 10:51:07'),
(92, 'V.1024', 9, 1, 33, 33, 0, 'disetujui', '2026-05-01 10:51:07'),
(93, 'V.1024', 11, 1, 4, 4, 0, 'disetujui', '2026-05-01 10:51:07'),
(94, 'V.1024', 15, 1, 2, 2, 0, 'disetujui', '2026-05-01 10:51:07'),
(95, 'V.1024', 16, 1, 2, 2, 0, 'disetujui', '2026-05-01 10:51:07'),
(96, 'V.1024', 17, 1, 2, 2, 0, 'disetujui', '2026-05-01 10:51:07'),
(97, 'V.1025', 10, 1, 1, 1, 0, 'disetujui', '2026-05-01 10:51:07'),
(98, 'V.1025', 13, 1, 1, 1, 0, 'disetujui', '2026-05-01 10:51:07'),
(99, 'V.1025', 8, 1, 1, 1, 0, 'disetujui', '2026-05-01 10:51:07'),
(100, 'V.1025', 9, 1, 34, 34, 0, 'disetujui', '2026-05-01 10:51:07'),
(101, 'V.1025', 11, 1, 4, 4, 0, 'disetujui', '2026-05-01 10:51:07'),
(102, 'V.1025', 15, 1, 2, 2, 0, 'disetujui', '2026-05-01 10:51:07'),
(103, 'V.1025', 16, 1, 2, 2, 0, 'disetujui', '2026-05-01 10:51:07'),
(104, 'V.1025', 17, 1, 2, 2, 0, 'disetujui', '2026-05-01 10:51:07'),
(105, 'V.1026', 10, 1, 1, 1, 0, 'disetujui', '2026-05-01 10:51:07'),
(106, 'V.1026', 13, 1, 1, 1, 0, 'disetujui', '2026-05-01 10:51:07'),
(107, 'V.1026', 8, 1, 1, 1, 0, 'disetujui', '2026-05-01 10:51:07'),
(108, 'V.1026', 9, 1, 40, 40, 0, 'disetujui', '2026-05-01 10:51:07'),
(109, 'V.1026', 11, 1, 4, 4, 0, 'disetujui', '2026-05-01 10:51:07'),
(110, 'V.1026', 15, 1, 1, 0, 1, 'disetujui', '2026-05-01 10:51:07'),
(111, 'V.1026', 16, 1, 2, 2, 0, 'disetujui', '2026-05-01 10:51:07'),
(112, 'V.1026', 17, 1, 2, 2, 0, 'disetujui', '2026-05-01 10:51:07'),
(113, 'V.1027', 10, 1, 1, 1, 0, 'disetujui', '2026-05-01 10:51:07'),
(114, 'V.1027', 13, 1, 1, 1, 0, 'disetujui', '2026-05-01 10:51:07'),
(115, 'V.1027', 8, 1, 1, 1, 0, 'disetujui', '2026-05-01 10:51:07'),
(116, 'V.1027', 9, 1, 40, 40, 0, 'disetujui', '2026-05-01 10:51:07'),
(117, 'V.1027', 11, 1, 4, 4, 0, 'disetujui', '2026-05-01 10:51:07'),
(118, 'V.1027', 15, 1, 1, 0, 1, 'disetujui', '2026-05-01 10:51:07'),
(119, 'V.1027', 16, 1, 2, 2, 0, 'disetujui', '2026-05-01 10:51:07'),
(120, 'V.1027', 17, 1, 2, 2, 0, 'disetujui', '2026-05-01 10:51:07'),
(121, 'V.103', 10, 1, 1, 1, 0, 'disetujui', '2026-05-01 10:51:07'),
(122, 'V.103', 13, 1, 1, 1, 0, 'disetujui', '2026-05-01 10:51:07'),
(123, 'V.103', 8, 1, 1, 0, 1, 'disetujui', '2026-05-01 10:51:07'),
(124, 'V.103', 9, 1, 41, 40, 1, 'disetujui', '2026-05-01 10:51:07'),
(125, 'V.103', 11, 1, 4, 4, 0, 'disetujui', '2026-05-01 10:51:07'),
(126, 'V.103', 15, 1, 1, 1, 0, 'disetujui', '2026-05-01 10:51:07'),
(127, 'V.103', 16, 1, 2, 2, 0, 'disetujui', '2026-05-01 10:51:07'),
(128, 'V.103', 17, 1, 1, 1, 0, 'disetujui', '2026-05-01 10:51:07'),
(129, 'V.1031', 10, 1, 1, 1, 0, 'disetujui', '2026-05-01 10:51:07'),
(130, 'V.1031', 13, 1, 1, 1, 0, 'disetujui', '2026-05-01 10:51:07'),
(131, 'V.1031', 8, 1, 1, 1, 0, 'disetujui', '2026-05-01 10:51:07'),
(132, 'V.1031', 9, 1, 37, 37, 0, 'disetujui', '2026-05-01 10:51:07'),
(133, 'V.1031', 11, 1, 4, 4, 0, 'disetujui', '2026-05-01 10:51:07'),
(134, 'V.1031', 15, 1, 2, 2, 0, 'disetujui', '2026-05-01 10:51:07'),
(135, 'V.1031', 16, 1, 2, 2, 0, 'disetujui', '2026-05-01 10:51:07'),
(136, 'V.1031', 17, 1, 2, 2, 0, 'disetujui', '2026-05-01 10:51:07'),
(137, 'V.1034', 10, 1, 1, 1, 0, 'disetujui', '2026-05-01 10:51:07'),
(138, 'V.1034', 13, 1, 1, 1, 0, 'disetujui', '2026-05-01 10:51:07'),
(139, 'V.1034', 8, 1, 1, 1, 0, 'disetujui', '2026-05-01 10:51:07'),
(140, 'V.1034', 9, 1, 38, 38, 0, 'disetujui', '2026-05-01 10:51:07'),
(141, 'V.1034', 11, 1, 3, 2, 1, 'disetujui', '2026-05-01 10:51:07'),
(142, 'V.1034', 15, 1, 2, 2, 0, 'disetujui', '2026-05-01 10:51:07'),
(143, 'V.1034', 16, 1, 2, 2, 0, 'disetujui', '2026-05-01 10:51:07'),
(144, 'V.1034', 17, 1, 2, 2, 0, 'disetujui', '2026-05-01 10:51:07'),
(145, 'V.104', 10, 1, 1, 1, 0, 'disetujui', '2026-05-01 10:51:07'),
(146, 'V.104', 13, 1, 1, 1, 0, 'disetujui', '2026-05-01 10:51:07'),
(147, 'V.104', 8, 1, 1, 1, 0, 'disetujui', '2026-05-01 10:51:07'),
(148, 'V.104', 9, 1, 37, 37, 0, 'disetujui', '2026-05-01 10:51:07'),
(149, 'V.104', 11, 1, 4, 4, 0, 'disetujui', '2026-05-01 10:51:07'),
(150, 'V.104', 15, 1, 1, 1, 0, 'disetujui', '2026-05-01 10:51:07'),
(151, 'V.104', 16, 1, 2, 2, 0, 'disetujui', '2026-05-01 10:51:07'),
(152, 'V.104', 17, 1, 1, 1, 0, 'disetujui', '2026-05-01 10:51:07'),
(153, 'V.105', 10, 1, 1, 1, 0, 'disetujui', '2026-05-01 10:51:07'),
(154, 'V.105', 13, 1, 1, 1, 0, 'disetujui', '2026-05-01 10:51:07'),
(155, 'V.105', 8, 1, 1, 1, 0, 'disetujui', '2026-05-01 10:51:07'),
(156, 'V.105', 9, 1, 35, 33, 2, 'disetujui', '2026-05-01 10:51:07'),
(157, 'V.105', 11, 1, 4, 4, 0, 'disetujui', '2026-05-01 10:51:07'),
(158, 'V.105', 15, 1, 1, 1, 0, 'disetujui', '2026-05-01 10:51:07'),
(159, 'V.105', 16, 1, 2, 2, 0, 'disetujui', '2026-05-01 10:51:07'),
(160, 'V.105', 17, 1, 1, 1, 0, 'disetujui', '2026-05-01 10:51:07'),
(161, 'V.1059', 10, 1, 1, 1, 0, 'disetujui', '2026-05-01 10:51:07'),
(162, 'V.1059', 13, 1, 1, 1, 0, 'disetujui', '2026-05-01 10:51:07'),
(163, 'V.1059', 8, 1, 1, 1, 0, 'disetujui', '2026-05-01 10:51:07'),
(164, 'V.1059', 9, 1, 40, 40, 0, 'disetujui', '2026-05-01 10:51:07'),
(165, 'V.1059', 11, 1, 4, 4, 0, 'disetujui', '2026-05-01 10:51:07'),
(166, 'V.1059', 15, 1, 2, 2, 0, 'disetujui', '2026-05-01 10:51:07'),
(167, 'V.1059', 16, 1, 2, 2, 0, 'disetujui', '2026-05-01 10:51:07'),
(168, 'V.1059', 17, 1, 1, 1, 0, 'disetujui', '2026-05-01 10:51:07'),
(169, 'V.1060', 10, 1, 1, 1, 0, 'disetujui', '2026-05-01 10:51:07'),
(170, 'V.1060', 8, 1, 1, 1, 0, 'disetujui', '2026-05-01 10:51:07'),
(171, 'V.1060', 9, 1, 37, 37, 0, 'disetujui', '2026-05-01 10:51:07'),
(172, 'V.1060', 11, 1, 4, 3, 1, 'disetujui', '2026-05-01 10:51:07'),
(173, 'V.1060', 15, 1, 2, 2, 0, 'disetujui', '2026-05-01 10:51:07'),
(174, 'V.1060', 16, 1, 2, 2, 0, 'disetujui', '2026-05-01 10:51:07'),
(175, 'V.1060', 17, 1, 1, 1, 0, 'disetujui', '2026-05-01 10:51:07'),
(176, 'V.1061', 10, 1, 1, 1, 0, 'disetujui', '2026-05-01 10:51:07'),
(177, 'V.1061', 8, 1, 1, 1, 0, 'disetujui', '2026-05-01 10:51:07'),
(178, 'V.1061', 9, 1, 41, 41, 0, 'disetujui', '2026-05-01 10:51:07'),
(179, 'V.1061', 11, 1, 4, 3, 1, 'disetujui', '2026-05-01 10:51:07'),
(180, 'V.1061', 15, 1, 1, 0, 1, 'disetujui', '2026-05-01 10:51:07'),
(181, 'V.1061', 16, 1, 2, 2, 0, 'disetujui', '2026-05-01 10:51:07'),
(182, 'V.1061', 17, 1, 1, 1, 0, 'disetujui', '2026-05-01 10:51:07'),
(183, 'V.107', 10, 1, 1, 1, 0, 'disetujui', '2026-05-01 10:51:07'),
(184, 'V.107', 13, 1, 1, 1, 0, 'disetujui', '2026-05-01 10:51:07'),
(185, 'V.107', 8, 1, 1, 1, 0, 'disetujui', '2026-05-01 10:51:07'),
(186, 'V.107', 9, 1, 36, 36, 0, 'disetujui', '2026-05-01 10:51:07'),
(187, 'V.107', 11, 1, 4, 3, 1, 'disetujui', '2026-05-01 10:51:07'),
(188, 'V.107', 15, 1, 1, 1, 0, 'disetujui', '2026-05-01 10:51:07'),
(189, 'V.107', 16, 1, 2, 2, 0, 'disetujui', '2026-05-01 10:51:07'),
(190, 'V.107', 17, 1, 1, 1, 0, 'disetujui', '2026-05-01 10:51:07'),
(191, 'V.108', 10, 1, 1, 1, 0, 'disetujui', '2026-05-01 10:51:07'),
(192, 'V.108', 13, 1, 1, 1, 0, 'disetujui', '2026-05-01 10:51:07'),
(193, 'V.108', 8, 1, 1, 1, 0, 'disetujui', '2026-05-01 10:51:07'),
(194, 'V.108', 9, 1, 41, 40, 1, 'disetujui', '2026-05-01 10:51:07'),
(195, 'V.108', 11, 1, 4, 4, 0, 'disetujui', '2026-05-01 10:51:07'),
(196, 'V.108', 15, 1, 1, 1, 0, 'disetujui', '2026-05-01 10:51:07'),
(197, 'V.108', 16, 1, 2, 2, 0, 'disetujui', '2026-05-01 10:51:07'),
(198, 'V.108', 17, 1, 1, 1, 0, 'disetujui', '2026-05-01 10:51:07'),
(199, 'V.110', 10, 1, 1, 1, 0, 'disetujui', '2026-05-01 10:51:07'),
(200, 'V.110', 13, 1, 1, 1, 0, 'disetujui', '2026-05-01 10:51:07'),
(201, 'V.110', 8, 1, 1, 1, 0, 'disetujui', '2026-05-01 10:51:07'),
(202, 'V.110', 9, 1, 42, 41, 1, 'disetujui', '2026-05-01 10:51:07'),
(203, 'V.110', 11, 1, 4, 4, 0, 'disetujui', '2026-05-01 10:51:07'),
(204, 'V.110', 15, 1, 1, 1, 0, 'disetujui', '2026-05-01 10:51:07'),
(205, 'V.110', 16, 1, 2, 2, 0, 'disetujui', '2026-05-01 10:51:07'),
(206, 'V.110', 17, 1, 1, 1, 0, 'disetujui', '2026-05-01 10:51:07'),
(215, 'V.112', 10, 1, 1, 1, 0, 'disetujui', '2026-05-01 10:51:07'),
(216, 'V.112', 13, 1, 1, 1, 0, 'disetujui', '2026-05-01 10:51:07'),
(217, 'V.112', 8, 1, 1, 1, 0, 'disetujui', '2026-05-01 10:51:07'),
(218, 'V.112', 9, 1, 36, 36, 0, 'disetujui', '2026-05-01 10:51:07'),
(219, 'V.112', 11, 1, 4, 4, 0, 'disetujui', '2026-05-01 10:51:07'),
(220, 'V.112', 15, 1, 1, 1, 0, 'disetujui', '2026-05-01 10:51:07'),
(221, 'V.112', 16, 1, 2, 2, 0, 'disetujui', '2026-05-01 10:51:07'),
(222, 'V.112', 17, 1, 1, 1, 0, 'disetujui', '2026-05-01 10:51:07'),
(223, 'V.113', 10, 1, 1, 1, 0, 'disetujui', '2026-05-01 10:51:07'),
(224, 'V.113', 13, 1, 1, 1, 0, 'disetujui', '2026-05-01 10:51:07'),
(225, 'V.113', 8, 1, 1, 1, 0, 'disetujui', '2026-05-01 10:51:07'),
(226, 'V.113', 9, 1, 38, 38, 0, 'disetujui', '2026-05-01 10:51:07'),
(227, 'V.113', 11, 1, 4, 4, 0, 'disetujui', '2026-05-01 10:51:07'),
(228, 'V.113', 15, 1, 1, 1, 0, 'disetujui', '2026-05-01 10:51:07'),
(229, 'V.113', 16, 1, 2, 2, 0, 'disetujui', '2026-05-01 10:51:07'),
(230, 'V.113', 17, 1, 1, 1, 0, 'disetujui', '2026-05-01 10:51:07'),
(231, 'V.114', 10, 1, 1, 1, 0, 'disetujui', '2026-05-01 10:51:07'),
(232, 'V.114', 13, 1, 1, 1, 0, 'disetujui', '2026-05-01 10:51:07'),
(233, 'V.114', 8, 1, 1, 1, 0, 'disetujui', '2026-05-01 10:51:07'),
(234, 'V.114', 9, 1, 36, 35, 1, 'disetujui', '2026-05-01 10:51:07'),
(235, 'V.114', 11, 1, 4, 4, 0, 'disetujui', '2026-05-01 10:51:07'),
(236, 'V.114', 15, 1, 1, 1, 0, 'disetujui', '2026-05-01 10:51:07'),
(237, 'V.114', 16, 1, 2, 2, 0, 'disetujui', '2026-05-01 10:51:07'),
(238, 'V.114', 17, 1, 1, 1, 0, 'disetujui', '2026-05-01 10:51:07'),
(239, 'V.115', 10, 1, 1, 1, 0, 'disetujui', '2026-05-01 10:51:07'),
(240, 'V.115', 13, 1, 1, 1, 0, 'disetujui', '2026-05-01 10:51:07'),
(241, 'V.115', 8, 1, 1, 1, 0, 'disetujui', '2026-05-01 10:51:07'),
(242, 'V.115', 9, 1, 40, 40, 0, 'disetujui', '2026-05-01 10:51:07'),
(243, 'V.115', 11, 1, 4, 4, 0, 'disetujui', '2026-05-01 10:51:07'),
(244, 'V.115', 15, 1, 1, 1, 0, 'disetujui', '2026-05-01 10:51:07'),
(245, 'V.116', 10, 1, 1, 1, 0, 'disetujui', '2026-05-01 10:51:07'),
(246, 'V.116', 13, 1, 1, 1, 0, 'disetujui', '2026-05-01 10:51:07'),
(247, 'V.116', 8, 1, 1, 1, 0, 'disetujui', '2026-05-01 10:51:07'),
(248, 'V.116', 9, 1, 41, 41, 0, 'disetujui', '2026-05-01 10:51:07'),
(249, 'V.116', 11, 1, 4, 4, 0, 'disetujui', '2026-05-01 10:51:07'),
(250, 'V.116', 15, 1, 1, 1, 0, 'disetujui', '2026-05-01 10:51:07'),
(251, 'V.116', 16, 1, 2, 2, 0, 'disetujui', '2026-05-01 10:51:07'),
(252, 'V.116', 17, 1, 1, 1, 0, 'disetujui', '2026-05-01 10:51:07'),
(253, 'V.117', 10, 1, 1, 1, 0, 'disetujui', '2026-05-01 10:51:07'),
(254, 'V.117', 13, 1, 1, 1, 0, 'disetujui', '2026-05-01 10:51:07'),
(255, 'V.117', 8, 1, 1, 1, 0, 'disetujui', '2026-05-01 10:51:07'),
(256, 'V.117', 9, 1, 41, 41, 0, 'disetujui', '2026-05-01 10:51:07'),
(257, 'V.117', 11, 1, 4, 4, 0, 'disetujui', '2026-05-01 10:51:07'),
(258, 'V.117', 15, 1, 1, 1, 0, 'disetujui', '2026-05-01 10:51:07'),
(259, 'V.117', 16, 1, 2, 2, 0, 'disetujui', '2026-05-01 10:51:07'),
(260, 'V.117', 17, 1, 1, 1, 0, 'disetujui', '2026-05-01 10:51:07'),
(261, 'V.118', 10, 1, 1, 1, 0, 'disetujui', '2026-05-01 10:51:07'),
(262, 'V.118', 13, 1, 1, 1, 0, 'disetujui', '2026-05-01 10:51:07'),
(263, 'V.118', 8, 1, 1, 1, 0, 'disetujui', '2026-05-01 10:51:07'),
(264, 'V.118', 9, 1, 31, 30, 1, 'disetujui', '2026-05-01 10:51:07'),
(265, 'V.118', 11, 1, 4, 4, 0, 'disetujui', '2026-05-01 10:51:07'),
(266, 'V.118', 15, 1, 1, 1, 0, 'disetujui', '2026-05-01 10:51:07'),
(267, 'V.118', 16, 1, 2, 2, 0, 'disetujui', '2026-05-01 10:51:07'),
(268, 'V.118', 17, 1, 1, 1, 0, 'disetujui', '2026-05-01 10:51:07'),
(269, 'V.119', 10, 1, 1, 1, 0, 'disetujui', '2026-05-01 10:51:07'),
(270, 'V.119', 13, 1, 1, 1, 0, 'disetujui', '2026-05-01 10:51:07'),
(271, 'V.119', 8, 1, 1, 1, 0, 'disetujui', '2026-05-01 10:51:07'),
(272, 'V.119', 9, 1, 37, 37, 0, 'disetujui', '2026-05-01 10:51:07'),
(273, 'V.119', 11, 1, 4, 4, 0, 'disetujui', '2026-05-01 10:51:07'),
(274, 'V.119', 15, 1, 1, 1, 0, 'disetujui', '2026-05-01 10:51:07'),
(275, 'V.119', 16, 1, 2, 2, 0, 'disetujui', '2026-05-01 10:51:07'),
(276, 'V.119', 17, 1, 1, 1, 0, 'disetujui', '2026-05-01 10:51:07'),
(277, 'V.120', 10, 1, 1, 1, 0, 'disetujui', '2026-05-01 10:51:07'),
(278, 'V.120', 13, 1, 1, 1, 0, 'disetujui', '2026-05-01 10:51:07'),
(279, 'V.120', 8, 1, 1, 1, 0, 'disetujui', '2026-05-01 10:51:07'),
(280, 'V.120', 9, 1, 37, 37, 0, 'disetujui', '2026-05-01 10:51:07'),
(281, 'V.120', 11, 1, 4, 4, 0, 'disetujui', '2026-05-01 10:51:07'),
(282, 'V.120', 15, 1, 1, 1, 0, 'disetujui', '2026-05-01 10:51:07'),
(283, 'V.120', 16, 1, 2, 2, 0, 'disetujui', '2026-05-01 10:51:07'),
(284, 'V.120', 17, 1, 1, 1, 0, 'disetujui', '2026-05-01 10:51:07'),
(285, 'V.121', 10, 1, 1, 1, 0, 'disetujui', '2026-05-01 10:51:07'),
(286, 'V.121', 13, 1, 1, 1, 0, 'disetujui', '2026-05-01 10:51:07'),
(287, 'V.121', 8, 1, 1, 1, 0, 'disetujui', '2026-05-01 10:51:07'),
(288, 'V.121', 9, 1, 41, 41, 0, 'disetujui', '2026-05-01 10:51:07'),
(289, 'V.121', 11, 1, 4, 4, 0, 'disetujui', '2026-05-01 10:51:07'),
(290, 'V.121', 15, 1, 1, 1, 0, 'disetujui', '2026-05-01 10:51:07'),
(291, 'V.121', 16, 1, 2, 2, 0, 'disetujui', '2026-05-01 10:51:07'),
(292, 'V.121', 17, 1, 1, 1, 0, 'disetujui', '2026-05-01 10:51:07'),
(293, 'V.122', 10, 1, 1, 1, 0, 'disetujui', '2026-05-01 10:51:07'),
(294, 'V.122', 13, 1, 1, 1, 0, 'disetujui', '2026-05-01 10:51:07'),
(295, 'V.122', 9, 1, 38, 38, 0, 'disetujui', '2026-05-01 10:51:07'),
(296, 'V.122', 11, 1, 4, 4, 0, 'disetujui', '2026-05-01 10:51:07'),
(297, 'V.122', 15, 1, 1, 1, 0, 'disetujui', '2026-05-01 10:51:07'),
(298, 'V.122', 16, 1, 2, 2, 0, 'disetujui', '2026-05-01 10:51:07'),
(299, 'V.122', 17, 1, 1, 1, 0, 'disetujui', '2026-05-01 10:51:07'),
(300, 'V.123', 10, 1, 1, 1, 0, 'disetujui', '2026-05-01 10:51:07'),
(301, 'V.123', 13, 1, 1, 1, 0, 'disetujui', '2026-05-01 10:51:07'),
(302, 'V.123', 8, 1, 1, 1, 0, 'disetujui', '2026-05-01 10:51:07'),
(303, 'V.123', 9, 1, 42, 42, 0, 'disetujui', '2026-05-01 10:51:07'),
(304, 'V.123', 11, 1, 4, 4, 0, 'disetujui', '2026-05-01 10:51:07'),
(305, 'V.123', 15, 1, 1, 1, 0, 'disetujui', '2026-05-01 10:51:07'),
(306, 'V.123', 16, 1, 1, 0, 1, 'disetujui', '2026-05-01 10:51:07'),
(307, 'V.123', 17, 1, 1, 1, 0, 'disetujui', '2026-05-01 10:51:07'),
(308, 'V.124', 10, 1, 1, 1, 0, 'disetujui', '2026-05-01 10:51:07'),
(309, 'V.124', 13, 1, 1, 1, 0, 'disetujui', '2026-05-01 10:51:07'),
(310, 'V.124', 8, 1, 1, 1, 0, 'disetujui', '2026-05-01 10:51:07'),
(311, 'V.124', 9, 1, 38, 38, 0, 'disetujui', '2026-05-01 10:51:07'),
(312, 'V.124', 11, 1, 4, 4, 0, 'disetujui', '2026-05-01 10:51:07'),
(313, 'V.124', 15, 1, 1, 1, 0, 'disetujui', '2026-05-01 10:51:07'),
(314, 'V.124', 16, 1, 2, 2, 0, 'disetujui', '2026-05-01 10:51:07'),
(315, 'V.124', 17, 1, 1, 1, 0, 'disetujui', '2026-05-01 10:51:07'),
(316, 'V.125', 10, 1, 1, 1, 0, 'disetujui', '2026-05-01 10:51:07'),
(317, 'V.125', 13, 1, 1, 1, 0, 'disetujui', '2026-05-01 10:51:07'),
(318, 'V.125', 8, 1, 1, 1, 0, 'disetujui', '2026-05-01 10:51:07'),
(319, 'V.125', 9, 1, 33, 32, 1, 'disetujui', '2026-05-01 10:51:07'),
(320, 'V.125', 11, 1, 4, 4, 0, 'disetujui', '2026-05-01 10:51:07'),
(321, 'V.125', 15, 1, 1, 1, 0, 'disetujui', '2026-05-01 10:51:07'),
(322, 'V.125', 16, 1, 2, 2, 0, 'disetujui', '2026-05-01 10:51:07'),
(323, 'V.125', 17, 1, 1, 1, 0, 'disetujui', '2026-05-01 10:51:07'),
(324, 'V.126', 10, 1, 1, 1, 0, 'disetujui', '2026-05-01 10:51:07'),
(325, 'V.126', 13, 1, 1, 1, 0, 'disetujui', '2026-05-01 10:51:07'),
(326, 'V.126', 8, 1, 1, 1, 0, 'disetujui', '2026-05-01 10:51:07'),
(327, 'V.126', 9, 1, 38, 38, 0, 'disetujui', '2026-05-01 10:51:07'),
(328, 'V.126', 11, 1, 4, 4, 0, 'disetujui', '2026-05-01 10:51:07'),
(329, 'V.126', 15, 1, 1, 1, 0, 'disetujui', '2026-05-01 10:51:07'),
(330, 'V.126', 16, 1, 2, 2, 0, 'disetujui', '2026-05-01 10:51:07'),
(331, 'V.126', 17, 1, 1, 1, 0, 'disetujui', '2026-05-01 10:51:07'),
(332, 'V.127', 10, 1, 1, 1, 0, 'disetujui', '2026-05-01 10:51:07'),
(333, 'V.127', 13, 1, 1, 1, 0, 'disetujui', '2026-05-01 10:51:07'),
(334, 'V.127', 8, 1, 1, 1, 0, 'disetujui', '2026-05-01 10:51:07'),
(335, 'V.127', 9, 1, 33, 33, 0, 'disetujui', '2026-05-01 10:51:07'),
(336, 'V.127', 11, 1, 4, 4, 0, 'disetujui', '2026-05-01 10:51:07'),
(337, 'V.127', 15, 1, 1, 1, 0, 'disetujui', '2026-05-01 10:51:07'),
(338, 'V.127', 16, 1, 2, 2, 0, 'disetujui', '2026-05-01 10:51:07'),
(339, 'V.127', 17, 1, 1, 1, 0, 'disetujui', '2026-05-01 10:51:07'),
(340, 'V.128', 10, 1, 1, 1, 0, 'disetujui', '2026-05-01 10:51:07'),
(341, 'V.128', 13, 1, 1, 1, 0, 'disetujui', '2026-05-01 10:51:07'),
(342, 'V.128', 8, 1, 1, 1, 0, 'disetujui', '2026-05-01 10:51:07'),
(343, 'V.128', 9, 1, 35, 35, 0, 'disetujui', '2026-05-01 10:51:07'),
(344, 'V.128', 11, 1, 4, 4, 0, 'disetujui', '2026-05-01 10:51:07'),
(345, 'V.128', 15, 1, 1, 1, 0, 'disetujui', '2026-05-01 10:51:07'),
(346, 'V.128', 16, 1, 2, 2, 0, 'disetujui', '2026-05-01 10:51:07'),
(347, 'V.128', 17, 1, 1, 1, 0, 'disetujui', '2026-05-01 10:51:07'),
(356, 'V.202', 10, 1, 1, 1, 0, 'disetujui', '2026-05-01 10:51:07'),
(357, 'V.202', 13, 1, 1, 1, 0, 'disetujui', '2026-05-01 10:51:07'),
(358, 'V.202', 8, 1, 1, 1, 0, 'disetujui', '2026-05-01 10:51:07'),
(359, 'V.202', 9, 1, 34, 34, 0, 'disetujui', '2026-05-01 10:51:07'),
(360, 'V.202', 11, 1, 4, 4, 0, 'disetujui', '2026-05-01 10:51:07'),
(361, 'V.202', 15, 1, 1, 1, 0, 'disetujui', '2026-05-01 10:51:07'),
(362, 'V.202', 16, 1, 1, 0, 1, 'disetujui', '2026-05-01 10:51:07'),
(363, 'V.202', 17, 1, 1, 1, 0, 'disetujui', '2026-05-01 10:51:07'),
(364, 'V.205', 10, 1, 1, 1, 0, 'disetujui', '2026-05-01 10:51:07'),
(365, 'V.205', 13, 1, 1, 1, 0, 'disetujui', '2026-05-01 10:51:07'),
(366, 'V.205', 8, 1, 1, 1, 0, 'disetujui', '2026-05-01 10:51:07'),
(367, 'V.205', 9, 1, 36, 36, 0, 'disetujui', '2026-05-01 10:51:07'),
(368, 'V.205', 11, 1, 4, 4, 0, 'disetujui', '2026-05-01 10:51:07'),
(369, 'V.205', 15, 1, 1, 1, 0, 'disetujui', '2026-05-01 10:51:07'),
(370, 'V.205', 16, 1, 1, 0, 1, 'disetujui', '2026-05-01 10:51:07'),
(371, 'V.205', 17, 1, 1, 1, 0, 'disetujui', '2026-05-01 10:51:07'),
(372, 'V.206', 10, 1, 1, 1, 0, 'disetujui', '2026-05-01 10:51:07'),
(373, 'V.206', 13, 1, 1, 1, 0, 'disetujui', '2026-05-01 10:51:07'),
(374, 'V.206', 8, 1, 1, 1, 0, 'disetujui', '2026-05-01 10:51:07'),
(375, 'V.206', 9, 1, 34, 34, 0, 'disetujui', '2026-05-01 10:51:07'),
(376, 'V.206', 11, 1, 4, 4, 0, 'disetujui', '2026-05-01 10:51:07'),
(377, 'V.206', 15, 1, 1, 1, 0, 'disetujui', '2026-05-01 10:51:07'),
(378, 'V.206', 16, 1, 2, 2, 0, 'disetujui', '2026-05-01 10:51:07'),
(379, 'V.206', 17, 1, 1, 1, 0, 'disetujui', '2026-05-01 10:51:07'),
(380, 'V.207', 10, 1, 1, 1, 0, 'disetujui', '2026-05-01 10:51:07'),
(381, 'V.207', 13, 1, 1, 1, 0, 'disetujui', '2026-05-01 10:51:07'),
(382, 'V.207', 8, 1, 1, 1, 0, 'disetujui', '2026-05-01 10:51:07'),
(383, 'V.207', 9, 1, 44, 44, 0, 'disetujui', '2026-05-01 10:51:07'),
(384, 'V.207', 11, 1, 4, 4, 0, 'disetujui', '2026-05-01 10:51:07'),
(385, 'V.207', 15, 1, 1, 1, 0, 'disetujui', '2026-05-01 10:51:07'),
(386, 'V.207', 16, 1, 1, 0, 1, 'disetujui', '2026-05-01 10:51:07'),
(387, 'V.207', 17, 1, 1, 1, 0, 'disetujui', '2026-05-01 10:51:07'),
(388, 'V.208', 10, 1, 1, 1, 0, 'disetujui', '2026-05-01 10:51:07'),
(389, 'V.208', 13, 1, 1, 1, 0, 'disetujui', '2026-05-01 10:51:07'),
(390, 'V.208', 8, 1, 2, 2, 0, 'disetujui', '2026-05-01 10:51:07'),
(391, 'V.208', 9, 1, 37, 37, 0, 'disetujui', '2026-05-01 10:51:07'),
(392, 'V.208', 11, 1, 4, 4, 0, 'disetujui', '2026-05-01 10:51:07'),
(393, 'V.208', 15, 1, 1, 1, 0, 'disetujui', '2026-05-01 10:51:07'),
(394, 'V.208', 16, 1, 2, 2, 0, 'disetujui', '2026-05-01 10:51:07'),
(395, 'V.208', 17, 1, 1, 1, 0, 'disetujui', '2026-05-01 10:51:07'),
(396, 'V.208A', 10, 1, 1, 1, 0, 'disetujui', '2026-05-01 10:51:07'),
(397, 'V.208A', 13, 1, 1, 1, 0, 'disetujui', '2026-05-01 10:51:07'),
(398, 'V.208A', 8, 1, 1, 1, 0, 'disetujui', '2026-05-01 10:51:07'),
(399, 'V.208A', 9, 1, 44, 44, 0, 'disetujui', '2026-05-01 10:51:07'),
(400, 'V.208A', 11, 1, 4, 4, 0, 'disetujui', '2026-05-01 10:51:07'),
(401, 'V.208A', 15, 1, 1, 1, 0, 'disetujui', '2026-05-01 10:51:07'),
(402, 'V.208A', 16, 1, 2, 2, 0, 'disetujui', '2026-05-01 10:51:07'),
(403, 'V.208A', 17, 1, 1, 1, 0, 'disetujui', '2026-05-01 10:51:07'),
(404, 'V.209', 10, 1, 1, 1, 0, 'disetujui', '2026-05-01 10:51:07'),
(405, 'V.209', 13, 1, 1, 1, 0, 'disetujui', '2026-05-01 10:51:07'),
(406, 'V.209', 8, 1, 1, 1, 0, 'disetujui', '2026-05-01 10:51:07'),
(407, 'V.209', 9, 1, 41, 41, 0, 'disetujui', '2026-05-01 10:51:07'),
(408, 'V.209', 11, 1, 4, 4, 0, 'disetujui', '2026-05-01 10:51:07'),
(409, 'V.209', 15, 1, 1, 1, 0, 'disetujui', '2026-05-01 10:51:07'),
(410, 'V.209', 16, 1, 2, 2, 0, 'disetujui', '2026-05-01 10:51:07'),
(411, 'V.209', 17, 1, 1, 1, 0, 'disetujui', '2026-05-01 10:51:07'),
(412, 'V.210', 10, 1, 1, 1, 0, 'disetujui', '2026-05-01 10:51:07'),
(413, 'V.210', 13, 1, 1, 1, 0, 'disetujui', '2026-05-01 10:51:07'),
(414, 'V.210', 8, 1, 1, 1, 0, 'disetujui', '2026-05-01 10:51:07'),
(415, 'V.210', 9, 1, 43, 43, 0, 'disetujui', '2026-05-01 10:51:07'),
(416, 'V.210', 11, 1, 4, 4, 0, 'disetujui', '2026-05-01 10:51:07'),
(417, 'V.210', 15, 1, 1, 1, 0, 'disetujui', '2026-05-01 10:51:07'),
(418, 'V.210', 16, 1, 2, 2, 0, 'disetujui', '2026-05-01 10:51:07'),
(419, 'V.210', 17, 1, 1, 1, 0, 'disetujui', '2026-05-01 10:51:07'),
(420, 'V.211', 10, 1, 1, 1, 0, 'disetujui', '2026-05-01 10:51:07'),
(421, 'V.211', 13, 1, 1, 1, 0, 'disetujui', '2026-05-01 10:51:07'),
(422, 'V.211', 8, 1, 1, 1, 0, 'disetujui', '2026-05-01 10:51:07'),
(423, 'V.211', 9, 1, 38, 38, 0, 'disetujui', '2026-05-01 10:51:07'),
(424, 'V.211', 11, 1, 4, 4, 0, 'disetujui', '2026-05-01 10:51:07'),
(425, 'V.211', 15, 1, 1, 1, 0, 'disetujui', '2026-05-01 10:51:07'),
(426, 'V.211', 16, 1, 2, 2, 0, 'disetujui', '2026-05-01 10:51:07'),
(427, 'V.211', 17, 1, 1, 1, 0, 'disetujui', '2026-05-01 10:51:07'),
(428, 'V.212', 10, 1, 1, 1, 0, 'disetujui', '2026-05-01 10:51:07'),
(429, 'V.212', 13, 1, 1, 1, 0, 'disetujui', '2026-05-01 10:51:07'),
(430, 'V.212', 8, 1, 1, 1, 0, 'disetujui', '2026-05-01 10:51:07'),
(431, 'V.212', 9, 1, 35, 34, 1, 'disetujui', '2026-05-01 10:51:07'),
(432, 'V.212', 11, 1, 4, 4, 0, 'disetujui', '2026-05-01 10:51:07'),
(433, 'V.212', 15, 1, 1, 1, 0, 'disetujui', '2026-05-01 10:51:07'),
(434, 'V.212', 16, 1, 2, 2, 0, 'disetujui', '2026-05-01 10:51:07'),
(435, 'V.212', 17, 1, 1, 1, 0, 'disetujui', '2026-05-01 10:51:07'),
(436, 'V.213', 10, 1, 1, 1, 0, 'disetujui', '2026-05-01 10:51:07'),
(437, 'V.213', 13, 1, 1, 1, 0, 'disetujui', '2026-05-01 10:51:07'),
(438, 'V.213', 8, 1, 1, 1, 0, 'disetujui', '2026-05-01 10:51:07'),
(439, 'V.213', 9, 1, 37, 34, 3, 'disetujui', '2026-05-01 10:51:07'),
(440, 'V.213', 11, 1, 4, 4, 0, 'disetujui', '2026-05-01 10:51:07'),
(441, 'V.213', 15, 1, 1, 1, 0, 'disetujui', '2026-05-01 10:51:07'),
(442, 'V.213', 16, 1, 2, 2, 0, 'disetujui', '2026-05-01 10:51:07'),
(443, 'V.213', 17, 1, 1, 1, 0, 'disetujui', '2026-05-01 10:51:07'),
(444, 'V.244', 10, 1, 1, 1, 0, 'disetujui', '2026-05-01 10:51:07'),
(445, 'V.244', 13, 1, 1, 1, 0, 'disetujui', '2026-05-01 10:51:07'),
(446, 'V.244', 8, 1, 1, 1, 0, 'disetujui', '2026-05-01 10:51:07'),
(447, 'V.244', 9, 1, 40, 40, 0, 'disetujui', '2026-05-01 10:51:07'),
(448, 'V.244', 11, 1, 4, 4, 0, 'disetujui', '2026-05-01 10:51:07'),
(449, 'V.244', 15, 1, 2, 2, 0, 'disetujui', '2026-05-01 10:51:07'),
(450, 'V.244', 16, 1, 2, 2, 0, 'disetujui', '2026-05-01 10:51:07'),
(451, 'V.244', 17, 1, 1, 1, 0, 'disetujui', '2026-05-01 10:51:07'),
(452, 'V.245', 10, 1, 1, 1, 0, 'disetujui', '2026-05-01 10:51:07'),
(453, 'V.245', 13, 1, 1, 1, 0, 'disetujui', '2026-05-01 10:51:07'),
(454, 'V.245', 8, 1, 1, 1, 0, 'disetujui', '2026-05-01 10:51:07'),
(455, 'V.245', 9, 1, 40, 40, 0, 'disetujui', '2026-05-01 10:51:07'),
(456, 'V.245', 11, 1, 4, 4, 0, 'disetujui', '2026-05-01 10:51:07'),
(457, 'V.245', 15, 1, 2, 2, 0, 'disetujui', '2026-05-01 10:51:07'),
(458, 'V.245', 16, 1, 2, 2, 0, 'disetujui', '2026-05-01 10:51:07'),
(459, 'V.245', 17, 1, 1, 1, 0, 'disetujui', '2026-05-01 10:51:07'),
(460, 'V.246', 10, 1, 1, 1, 0, 'disetujui', '2026-05-01 10:51:07'),
(461, 'V.246', 13, 1, 1, 1, 0, 'disetujui', '2026-05-01 10:51:07'),
(462, 'V.246', 8, 1, 1, 1, 0, 'disetujui', '2026-05-01 10:51:07'),
(463, 'V.246', 9, 1, 45, 45, 0, 'disetujui', '2026-05-01 10:51:07'),
(464, 'V.246', 11, 1, 4, 4, 0, 'disetujui', '2026-05-01 10:51:07'),
(465, 'V.246', 15, 1, 2, 2, 0, 'disetujui', '2026-05-01 10:51:07'),
(466, 'V.246', 16, 1, 2, 2, 0, 'disetujui', '2026-05-01 10:51:07'),
(467, 'V.246', 17, 1, 1, 1, 0, 'disetujui', '2026-05-01 10:51:07'),
(468, 'V.301', 10, 1, 1, 1, 0, 'disetujui', '2026-05-01 10:51:07'),
(469, 'V.301', 13, 1, 1, 1, 0, 'disetujui', '2026-05-01 10:51:07'),
(470, 'V.301', 8, 1, 1, 1, 0, 'disetujui', '2026-05-01 10:51:07'),
(471, 'V.301', 9, 1, 45, 43, 2, 'disetujui', '2026-05-01 10:51:07'),
(472, 'V.301', 11, 1, 4, 4, 0, 'disetujui', '2026-05-01 10:51:07'),
(473, 'V.301', 15, 1, 1, 1, 0, 'disetujui', '2026-05-01 10:51:07'),
(474, 'V.301', 16, 1, 2, 2, 0, 'disetujui', '2026-05-01 10:51:07'),
(475, 'V.301', 17, 1, 1, 1, 0, 'disetujui', '2026-05-01 10:51:07'),
(476, 'V.302', 10, 1, 1, 1, 0, 'disetujui', '2026-05-01 10:51:07'),
(477, 'V.302', 13, 1, 1, 1, 0, 'disetujui', '2026-05-01 10:51:07'),
(478, 'V.302', 8, 1, 1, 1, 0, 'disetujui', '2026-05-01 10:51:07'),
(479, 'V.302', 9, 1, 40, 40, 0, 'disetujui', '2026-05-01 10:51:07'),
(480, 'V.302', 11, 1, 4, 4, 0, 'disetujui', '2026-05-01 10:51:07'),
(481, 'V.302', 15, 1, 1, 1, 0, 'disetujui', '2026-05-01 10:51:07'),
(482, 'V.302', 16, 1, 2, 2, 0, 'disetujui', '2026-05-01 10:51:07'),
(483, 'V.302', 17, 1, 1, 1, 0, 'disetujui', '2026-05-01 10:51:07'),
(484, 'V.303', 10, 1, 1, 1, 0, 'disetujui', '2026-05-01 10:51:07'),
(485, 'V.303', 13, 1, 1, 1, 0, 'disetujui', '2026-05-01 10:51:07'),
(486, 'V.303', 8, 1, 1, 1, 0, 'disetujui', '2026-05-01 10:51:07'),
(487, 'V.303', 9, 1, 37, 37, 0, 'disetujui', '2026-05-01 10:51:07'),
(488, 'V.303', 11, 1, 4, 3, 1, 'disetujui', '2026-05-01 10:51:07'),
(489, 'V.303', 15, 1, 1, 1, 0, 'disetujui', '2026-05-01 10:51:07'),
(490, 'V.303', 16, 1, 2, 2, 0, 'disetujui', '2026-05-01 10:51:07'),
(491, 'V.303', 17, 1, 1, 1, 0, 'disetujui', '2026-05-01 10:51:07'),
(492, 'V.304', 10, 1, 1, 1, 0, 'disetujui', '2026-05-01 10:51:07'),
(493, 'V.304', 13, 1, 1, 1, 0, 'disetujui', '2026-05-01 10:51:07'),
(494, 'V.304', 8, 1, 1, 1, 0, 'disetujui', '2026-05-01 10:51:07'),
(495, 'V.304', 9, 1, 37, 36, 1, 'disetujui', '2026-05-01 10:51:07'),
(496, 'V.304', 11, 1, 4, 4, 0, 'disetujui', '2026-05-01 10:51:07'),
(497, 'V.304', 15, 1, 1, 1, 0, 'disetujui', '2026-05-01 10:51:07'),
(498, 'V.304', 16, 1, 2, 2, 0, 'disetujui', '2026-05-01 10:51:07'),
(499, 'V.304', 17, 1, 1, 1, 0, 'disetujui', '2026-05-01 10:51:07'),
(500, 'V.305', 10, 1, 1, 1, 0, 'disetujui', '2026-05-01 10:51:07'),
(501, 'V.305', 13, 1, 1, 1, 0, 'disetujui', '2026-05-01 10:51:07'),
(502, 'V.305', 8, 1, 1, 1, 0, 'disetujui', '2026-05-01 10:51:07'),
(503, 'V.305', 9, 1, 40, 40, 0, 'disetujui', '2026-05-01 10:51:07'),
(504, 'V.305', 11, 1, 4, 4, 0, 'disetujui', '2026-05-01 10:51:07'),
(505, 'V.305', 15, 1, 1, 1, 0, 'disetujui', '2026-05-01 10:51:07'),
(506, 'V.305', 16, 1, 2, 2, 0, 'disetujui', '2026-05-01 10:51:07'),
(507, 'V.305', 17, 1, 1, 1, 0, 'disetujui', '2026-05-01 10:51:07'),
(508, 'V.306', 10, 1, 1, 1, 0, 'disetujui', '2026-05-01 10:51:07'),
(509, 'V.306', 13, 1, 1, 1, 0, 'disetujui', '2026-05-01 10:51:07'),
(510, 'V.306', 8, 1, 1, 1, 0, 'disetujui', '2026-05-01 10:51:07'),
(511, 'V.306', 9, 1, 37, 37, 0, 'disetujui', '2026-05-01 10:51:07'),
(512, 'V.306', 11, 1, 4, 4, 0, 'disetujui', '2026-05-01 10:51:07'),
(513, 'V.306', 15, 1, 1, 1, 0, 'disetujui', '2026-05-01 10:51:07'),
(514, 'V.306', 16, 1, 2, 2, 0, 'disetujui', '2026-05-01 10:51:07'),
(515, 'V.306', 17, 1, 1, 1, 0, 'disetujui', '2026-05-01 10:51:07'),
(516, 'V.307', 10, 1, 1, 1, 0, 'disetujui', '2026-05-01 10:51:07'),
(517, 'V.307', 13, 1, 1, 1, 0, 'disetujui', '2026-05-01 10:51:07'),
(518, 'V.307', 8, 1, 1, 1, 0, 'disetujui', '2026-05-01 10:51:07'),
(519, 'V.307', 9, 1, 40, 40, 0, 'disetujui', '2026-05-01 10:51:07'),
(520, 'V.307', 11, 1, 4, 4, 0, 'disetujui', '2026-05-01 10:51:07'),
(521, 'V.307', 15, 1, 1, 1, 0, 'disetujui', '2026-05-01 10:51:07'),
(522, 'V.307', 16, 1, 2, 2, 0, 'disetujui', '2026-05-01 10:51:07'),
(523, 'V.307', 17, 1, 1, 1, 0, 'disetujui', '2026-05-01 10:51:07'),
(524, 'V.308', 10, 1, 1, 1, 0, 'disetujui', '2026-05-01 10:51:07'),
(525, 'V.308', 13, 1, 1, 1, 0, 'disetujui', '2026-05-01 10:51:07'),
(526, 'V.308', 8, 1, 1, 1, 0, 'disetujui', '2026-05-01 10:51:07'),
(527, 'V.308', 9, 1, 41, 40, 1, 'disetujui', '2026-05-01 10:51:07'),
(528, 'V.308', 11, 1, 4, 4, 0, 'disetujui', '2026-05-01 10:51:07'),
(529, 'V.308', 15, 1, 1, 1, 0, 'disetujui', '2026-05-01 10:51:07'),
(530, 'V.308', 16, 1, 2, 2, 0, 'disetujui', '2026-05-01 10:51:07'),
(531, 'V.308', 17, 1, 1, 1, 0, 'disetujui', '2026-05-01 10:51:07'),
(532, 'V.308A', 10, 1, 1, 1, 0, 'disetujui', '2026-05-01 10:51:07'),
(533, 'V.308A', 13, 1, 1, 1, 0, 'disetujui', '2026-05-01 10:51:07'),
(534, 'V.308A', 8, 1, 1, 1, 0, 'disetujui', '2026-05-01 10:51:07'),
(535, 'V.308A', 9, 1, 42, 41, 1, 'disetujui', '2026-05-01 10:51:07'),
(536, 'V.308A', 11, 1, 4, 4, 0, 'disetujui', '2026-05-01 10:51:07'),
(537, 'V.308A', 15, 1, 1, 1, 0, 'disetujui', '2026-05-01 10:51:07'),
(538, 'V.308A', 16, 1, 2, 2, 0, 'disetujui', '2026-05-01 10:51:07'),
(539, 'V.308A', 17, 1, 1, 1, 0, 'disetujui', '2026-05-01 10:51:07'),
(540, 'V.309', 10, 1, 1, 1, 0, 'disetujui', '2026-05-01 10:51:07'),
(541, 'V.309', 13, 1, 1, 1, 0, 'disetujui', '2026-05-01 10:51:07'),
(542, 'V.309', 8, 1, 1, 1, 0, 'disetujui', '2026-05-01 10:51:07'),
(543, 'V.309', 9, 1, 40, 40, 0, 'disetujui', '2026-05-01 10:51:07'),
(544, 'V.309', 11, 1, 4, 4, 0, 'disetujui', '2026-05-01 10:51:07'),
(545, 'V.309', 15, 1, 1, 1, 0, 'disetujui', '2026-05-01 10:51:07'),
(546, 'V.309', 16, 1, 2, 2, 0, 'disetujui', '2026-05-01 10:51:07'),
(547, 'V.309', 17, 1, 1, 1, 0, 'disetujui', '2026-05-01 10:51:07'),
(548, 'V.310', 10, 1, 1, 1, 0, 'disetujui', '2026-05-01 10:51:07'),
(549, 'V.310', 13, 1, 1, 1, 0, 'disetujui', '2026-05-01 10:51:07'),
(550, 'V.310', 8, 1, 1, 1, 0, 'disetujui', '2026-05-01 10:51:07'),
(551, 'V.310', 9, 1, 40, 40, 0, 'disetujui', '2026-05-01 10:51:07'),
(552, 'V.310', 11, 1, 4, 4, 0, 'disetujui', '2026-05-01 10:51:07'),
(553, 'V.310', 15, 1, 1, 1, 0, 'disetujui', '2026-05-01 10:51:07'),
(554, 'V.310', 16, 1, 2, 2, 0, 'disetujui', '2026-05-01 10:51:07'),
(555, 'V.310', 17, 1, 1, 1, 0, 'disetujui', '2026-05-01 10:51:07'),
(556, 'V.311', 10, 1, 1, 1, 0, 'disetujui', '2026-05-01 10:51:07'),
(557, 'V.311', 13, 1, 1, 1, 0, 'disetujui', '2026-05-01 10:51:07'),
(558, 'V.311', 8, 1, 1, 1, 0, 'disetujui', '2026-05-01 10:51:07'),
(559, 'V.311', 9, 1, 40, 40, 0, 'disetujui', '2026-05-01 10:51:07'),
(560, 'V.311', 11, 1, 4, 4, 0, 'disetujui', '2026-05-01 10:51:07'),
(561, 'V.311', 15, 1, 1, 1, 0, 'disetujui', '2026-05-01 10:51:07'),
(562, 'V.311', 16, 1, 2, 2, 0, 'disetujui', '2026-05-01 10:51:07'),
(563, 'V.311', 17, 1, 1, 1, 0, 'disetujui', '2026-05-01 10:51:07'),
(564, 'V.312', 10, 1, 1, 1, 0, 'disetujui', '2026-05-01 10:51:07'),
(565, 'V.312', 13, 1, 1, 1, 0, 'disetujui', '2026-05-01 10:51:07'),
(566, 'V.312', 8, 1, 1, 1, 0, 'disetujui', '2026-05-01 10:51:07'),
(567, 'V.312', 9, 1, 42, 42, 0, 'disetujui', '2026-05-01 10:51:07'),
(568, 'V.312', 11, 1, 4, 4, 0, 'disetujui', '2026-05-01 10:51:07'),
(569, 'V.312', 15, 1, 1, 1, 0, 'disetujui', '2026-05-01 10:51:07'),
(570, 'V.312', 16, 1, 2, 2, 0, 'disetujui', '2026-05-01 10:51:07'),
(571, 'V.312', 17, 1, 1, 1, 0, 'disetujui', '2026-05-01 10:51:07'),
(572, 'V.313', 10, 1, 1, 1, 0, 'disetujui', '2026-05-01 10:51:07'),
(573, 'V.313', 13, 1, 1, 1, 0, 'disetujui', '2026-05-01 10:51:07'),
(574, 'V.313', 8, 1, 1, 1, 0, 'disetujui', '2026-05-01 10:51:07'),
(575, 'V.313', 9, 1, 32, 31, 1, 'disetujui', '2026-05-01 10:51:07'),
(576, 'V.313', 11, 1, 4, 4, 0, 'disetujui', '2026-05-01 10:51:07'),
(577, 'V.313', 15, 1, 1, 1, 0, 'disetujui', '2026-05-01 10:51:07'),
(578, 'V.313', 16, 1, 2, 2, 0, 'disetujui', '2026-05-01 10:51:07'),
(579, 'V.313', 17, 1, 1, 1, 0, 'disetujui', '2026-05-01 10:51:07'),
(580, 'V.314', 10, 1, 1, 1, 0, 'disetujui', '2026-05-01 10:51:07'),
(581, 'V.314', 13, 1, 1, 1, 0, 'disetujui', '2026-05-01 10:51:07'),
(582, 'V.314', 8, 1, 1, 1, 0, 'disetujui', '2026-05-01 10:51:07'),
(583, 'V.314', 9, 1, 37, 37, 0, 'disetujui', '2026-05-01 10:51:07'),
(584, 'V.314', 11, 1, 4, 4, 0, 'disetujui', '2026-05-01 10:51:07'),
(585, 'V.314', 15, 1, 1, 1, 0, 'disetujui', '2026-05-01 10:51:07'),
(586, 'V.314', 16, 1, 2, 2, 0, 'disetujui', '2026-05-01 10:51:07'),
(587, 'V.314', 17, 1, 1, 1, 0, 'disetujui', '2026-05-01 10:51:07'),
(588, 'V.315', 10, 1, 1, 1, 0, 'disetujui', '2026-05-01 10:51:07'),
(589, 'V.315', 13, 1, 1, 1, 0, 'disetujui', '2026-05-01 10:51:07'),
(590, 'V.315', 8, 1, 1, 1, 0, 'disetujui', '2026-05-01 10:51:07'),
(591, 'V.315', 9, 1, 37, 37, 0, 'disetujui', '2026-05-01 10:51:07'),
(592, 'V.315', 11, 1, 4, 4, 0, 'disetujui', '2026-05-01 10:51:07'),
(593, 'V.315', 15, 1, 1, 1, 0, 'disetujui', '2026-05-01 10:51:07'),
(594, 'V.315', 16, 1, 2, 2, 0, 'disetujui', '2026-05-01 10:51:07'),
(595, 'V.315', 17, 1, 1, 1, 0, 'disetujui', '2026-05-01 10:51:07'),
(596, 'V.316', 10, 1, 1, 1, 0, 'disetujui', '2026-05-01 10:51:07'),
(597, 'V.316', 13, 1, 1, 1, 0, 'disetujui', '2026-05-01 10:51:07'),
(598, 'V.316', 8, 1, 1, 1, 0, 'disetujui', '2026-05-01 10:51:07'),
(599, 'V.316', 9, 1, 35, 34, 1, 'disetujui', '2026-05-01 10:51:07'),
(600, 'V.316', 11, 1, 4, 4, 0, 'disetujui', '2026-05-01 10:51:07'),
(601, 'V.316', 15, 1, 1, 1, 0, 'disetujui', '2026-05-01 10:51:07'),
(602, 'V.316', 16, 1, 2, 2, 0, 'disetujui', '2026-05-01 10:51:07'),
(603, 'V.316', 17, 1, 1, 1, 0, 'disetujui', '2026-05-01 10:51:07'),
(604, 'V.317', 10, 1, 1, 1, 0, 'disetujui', '2026-05-01 10:51:07'),
(605, 'V.317', 13, 1, 1, 1, 0, 'disetujui', '2026-05-01 10:51:07'),
(606, 'V.317', 8, 1, 1, 1, 0, 'disetujui', '2026-05-01 10:51:07'),
(607, 'V.317', 9, 1, 38, 38, 0, 'disetujui', '2026-05-01 10:51:07'),
(608, 'V.317', 11, 1, 4, 4, 0, 'disetujui', '2026-05-01 10:51:07'),
(609, 'V.317', 15, 1, 1, 1, 0, 'disetujui', '2026-05-01 10:51:07'),
(610, 'V.317', 16, 1, 2, 2, 0, 'disetujui', '2026-05-01 10:51:07'),
(611, 'V.317', 17, 1, 1, 1, 0, 'disetujui', '2026-05-01 10:51:07'),
(612, 'V.317A', 10, 1, 1, 1, 0, 'disetujui', '2026-05-01 10:51:07'),
(613, 'V.317A', 13, 1, 1, 1, 0, 'disetujui', '2026-05-01 10:51:07'),
(614, 'V.317A', 8, 1, 1, 1, 0, 'disetujui', '2026-05-01 10:51:07'),
(615, 'V.317A', 9, 1, 37, 37, 0, 'disetujui', '2026-05-01 10:51:07'),
(616, 'V.317A', 11, 1, 4, 3, 1, 'disetujui', '2026-05-01 10:51:07'),
(617, 'V.317A', 15, 1, 1, 1, 0, 'disetujui', '2026-05-01 10:51:07'),
(618, 'V.317A', 16, 1, 2, 2, 0, 'disetujui', '2026-05-01 10:51:07'),
(619, 'V.317A', 17, 1, 1, 1, 0, 'disetujui', '2026-05-01 10:51:07'),
(620, 'V.318', 10, 1, 1, 1, 0, 'disetujui', '2026-05-01 10:51:07'),
(621, 'V.318', 13, 1, 1, 1, 0, 'disetujui', '2026-05-01 10:51:07'),
(622, 'V.318', 8, 1, 1, 1, 0, 'disetujui', '2026-05-01 10:51:07'),
(623, 'V.318', 9, 1, 38, 38, 0, 'disetujui', '2026-05-01 10:51:07'),
(624, 'V.318', 11, 1, 4, 3, 1, 'disetujui', '2026-05-01 10:51:07'),
(625, 'V.318', 15, 1, 1, 1, 0, 'disetujui', '2026-05-01 10:51:07'),
(626, 'V.318', 16, 1, 2, 2, 0, 'disetujui', '2026-05-01 10:51:07'),
(627, 'V.318', 17, 1, 1, 1, 0, 'disetujui', '2026-05-01 10:51:07'),
(628, 'V.319', 10, 1, 1, 1, 0, 'disetujui', '2026-05-01 10:51:07'),
(629, 'V.319', 13, 1, 1, 1, 0, 'disetujui', '2026-05-01 10:51:07'),
(630, 'V.319', 9, 1, 37, 37, 0, 'disetujui', '2026-05-01 10:51:07'),
(631, 'V.319', 11, 1, 4, 4, 0, 'disetujui', '2026-05-01 10:51:07'),
(632, 'V.319', 15, 1, 1, 1, 0, 'disetujui', '2026-05-01 10:51:07'),
(633, 'V.319', 16, 1, 2, 2, 0, 'disetujui', '2026-05-01 10:51:07'),
(634, 'V.319', 17, 1, 1, 1, 0, 'disetujui', '2026-05-01 10:51:07'),
(635, 'V.320', 10, 1, 1, 1, 0, 'disetujui', '2026-05-01 10:51:07'),
(636, 'V.320', 13, 1, 1, 1, 0, 'disetujui', '2026-05-01 10:51:07'),
(637, 'V.320', 8, 1, 1, 1, 0, 'disetujui', '2026-05-01 10:51:07'),
(638, 'V.320', 9, 1, 38, 38, 0, 'disetujui', '2026-05-01 10:51:07'),
(639, 'V.320', 11, 1, 4, 4, 0, 'disetujui', '2026-05-01 10:51:07'),
(640, 'V.320', 15, 1, 1, 1, 0, 'disetujui', '2026-05-01 10:51:07'),
(641, 'V.320', 16, 1, 2, 2, 0, 'disetujui', '2026-05-01 10:51:07'),
(642, 'V.320', 17, 1, 1, 1, 0, 'disetujui', '2026-05-01 10:51:07'),
(643, 'V.321', 10, 1, 1, 1, 0, 'disetujui', '2026-05-01 10:51:07'),
(644, 'V.321', 13, 1, 1, 1, 0, 'disetujui', '2026-05-01 10:51:07'),
(645, 'V.321', 8, 1, 1, 1, 0, 'disetujui', '2026-05-01 10:51:07'),
(646, 'V.321', 9, 1, 34, 34, 0, 'disetujui', '2026-05-01 10:51:07'),
(647, 'V.321', 11, 1, 4, 4, 0, 'disetujui', '2026-05-01 10:51:07'),
(648, 'V.321', 15, 1, 1, 1, 0, 'disetujui', '2026-05-01 10:51:07'),
(649, 'V.321', 16, 1, 2, 2, 0, 'disetujui', '2026-05-01 10:51:07'),
(650, 'V.321', 17, 1, 1, 1, 0, 'disetujui', '2026-05-01 10:51:07'),
(651, 'V.322', 10, 1, 1, 1, 0, 'disetujui', '2026-05-01 10:51:07'),
(652, 'V.322', 13, 1, 1, 1, 0, 'disetujui', '2026-05-01 10:51:07'),
(653, 'V.322', 8, 1, 1, 1, 0, 'disetujui', '2026-05-01 10:51:07'),
(654, 'V.322', 9, 1, 45, 45, 0, 'disetujui', '2026-05-01 10:51:07'),
(655, 'V.322', 11, 1, 4, 4, 0, 'disetujui', '2026-05-01 10:51:07'),
(656, 'V.322', 15, 1, 1, 1, 0, 'disetujui', '2026-05-01 10:51:07'),
(657, 'V.322', 16, 1, 2, 2, 0, 'disetujui', '2026-05-01 10:51:07'),
(658, 'V.322', 17, 1, 1, 1, 0, 'disetujui', '2026-05-01 10:51:07'),
(659, 'V.323', 10, 1, 1, 1, 0, 'disetujui', '2026-05-01 10:51:07'),
(660, 'V.323', 13, 1, 1, 1, 0, 'disetujui', '2026-05-01 10:51:07'),
(661, 'V.323', 8, 1, 1, 1, 0, 'disetujui', '2026-05-01 10:51:07'),
(662, 'V.323', 9, 1, 34, 34, 0, 'disetujui', '2026-05-01 10:51:07'),
(663, 'V.323', 11, 1, 4, 4, 0, 'disetujui', '2026-05-01 10:51:07'),
(664, 'V.323', 15, 1, 1, 1, 0, 'disetujui', '2026-05-01 10:51:07'),
(665, 'V.323', 16, 1, 2, 2, 0, 'disetujui', '2026-05-01 10:51:07'),
(666, 'V.323', 17, 1, 1, 1, 0, 'disetujui', '2026-05-01 10:51:07'),
(667, 'V.324', 10, 1, 1, 1, 0, 'disetujui', '2026-05-01 10:51:07'),
(668, 'V.324', 13, 1, 1, 1, 0, 'disetujui', '2026-05-01 10:51:07'),
(669, 'V.324', 8, 1, 1, 1, 0, 'disetujui', '2026-05-01 10:51:07'),
(670, 'V.324', 9, 1, 29, 29, 0, 'disetujui', '2026-05-01 10:51:07'),
(671, 'V.324', 11, 1, 4, 4, 0, 'disetujui', '2026-05-01 10:51:07'),
(672, 'V.324', 15, 1, 1, 1, 0, 'disetujui', '2026-05-01 10:51:07'),
(673, 'V.324', 16, 1, 2, 2, 0, 'disetujui', '2026-05-01 10:51:07'),
(674, 'V.324', 17, 1, 1, 1, 0, 'disetujui', '2026-05-01 10:51:07'),
(675, 'V.331', 10, 1, 1, 1, 0, 'disetujui', '2026-05-01 10:51:07'),
(676, 'V.331', 13, 1, 1, 1, 0, 'disetujui', '2026-05-01 10:51:07'),
(677, 'V.331', 8, 1, 1, 1, 0, 'disetujui', '2026-05-01 10:51:07'),
(678, 'V.331', 9, 1, 41, 41, 0, 'disetujui', '2026-05-01 10:51:07'),
(679, 'V.331', 11, 1, 4, 4, 0, 'disetujui', '2026-05-01 10:51:07'),
(680, 'V.331', 15, 1, 2, 2, 0, 'disetujui', '2026-05-01 10:51:07'),
(681, 'V.331', 16, 1, 2, 2, 0, 'disetujui', '2026-05-01 10:51:07'),
(682, 'V.331', 17, 1, 1, 1, 0, 'disetujui', '2026-05-01 10:51:07'),
(683, 'V.332', 10, 1, 1, 1, 0, 'disetujui', '2026-05-01 10:51:07'),
(684, 'V.332', 13, 1, 1, 1, 0, 'disetujui', '2026-05-01 10:51:07'),
(685, 'V.332', 8, 1, 1, 1, 0, 'disetujui', '2026-05-01 10:51:07'),
(686, 'V.332', 9, 1, 40, 40, 0, 'disetujui', '2026-05-01 10:51:07'),
(687, 'V.332', 11, 1, 4, 4, 0, 'disetujui', '2026-05-01 10:51:07'),
(688, 'V.332', 15, 1, 2, 2, 0, 'disetujui', '2026-05-01 10:51:07'),
(689, 'V.332', 16, 1, 2, 2, 0, 'disetujui', '2026-05-01 10:51:07'),
(690, 'V.332', 17, 1, 1, 1, 0, 'disetujui', '2026-05-01 10:51:07'),
(691, 'V.333', 10, 1, 1, 1, 0, 'disetujui', '2026-05-01 10:51:07'),
(692, 'V.333', 13, 1, 1, 1, 0, 'disetujui', '2026-05-01 10:51:07'),
(693, 'V.333', 8, 1, 1, 1, 0, 'disetujui', '2026-05-01 10:51:07'),
(694, 'V.333', 9, 1, 40, 40, 0, 'disetujui', '2026-05-01 10:51:07'),
(695, 'V.333', 11, 1, 4, 4, 0, 'disetujui', '2026-05-01 10:51:07'),
(696, 'V.333', 15, 1, 2, 2, 0, 'disetujui', '2026-05-01 10:51:07'),
(697, 'V.333', 16, 1, 2, 2, 0, 'disetujui', '2026-05-01 10:51:07'),
(698, 'V.333', 17, 1, 1, 1, 0, 'disetujui', '2026-05-01 10:51:07'),
(699, 'V.334', 10, 1, 1, 1, 0, 'disetujui', '2026-05-01 10:51:07'),
(700, 'V.334', 13, 1, 1, 1, 0, 'disetujui', '2026-05-01 10:51:07'),
(701, 'V.334', 8, 1, 1, 1, 0, 'disetujui', '2026-05-01 10:51:07'),
(702, 'V.334', 9, 1, 40, 40, 0, 'disetujui', '2026-05-01 10:51:07'),
(703, 'V.334', 11, 1, 4, 4, 0, 'disetujui', '2026-05-01 10:51:07'),
(704, 'V.334', 15, 1, 2, 2, 0, 'disetujui', '2026-05-01 10:51:07'),
(705, 'V.334', 16, 1, 2, 2, 0, 'disetujui', '2026-05-01 10:51:07'),
(706, 'V.334', 17, 1, 1, 1, 0, 'disetujui', '2026-05-01 10:51:07'),
(707, 'V.335', 10, 1, 1, 1, 0, 'disetujui', '2026-05-01 10:51:07'),
(708, 'V.335', 13, 1, 1, 1, 0, 'disetujui', '2026-05-01 10:51:07'),
(709, 'V.335', 8, 1, 1, 1, 0, 'disetujui', '2026-05-01 10:51:07'),
(710, 'V.335', 9, 1, 40, 40, 0, 'disetujui', '2026-05-01 10:51:07'),
(711, 'V.335', 11, 1, 4, 4, 0, 'disetujui', '2026-05-01 10:51:07'),
(712, 'V.335', 15, 1, 2, 2, 0, 'disetujui', '2026-05-01 10:51:07'),
(713, 'V.335', 16, 1, 2, 2, 0, 'disetujui', '2026-05-01 10:51:07'),
(714, 'V.335', 17, 1, 1, 1, 0, 'disetujui', '2026-05-01 10:51:07'),
(715, 'V.336', 10, 1, 1, 1, 0, 'disetujui', '2026-05-01 10:51:07'),
(716, 'V.336', 13, 1, 1, 1, 0, 'disetujui', '2026-05-01 10:51:07'),
(717, 'V.336', 8, 1, 1, 1, 0, 'disetujui', '2026-05-01 10:51:07'),
(718, 'V.336', 9, 1, 39, 39, 0, 'disetujui', '2026-05-01 10:51:07'),
(719, 'V.336', 11, 1, 4, 4, 0, 'disetujui', '2026-05-01 10:51:07'),
(720, 'V.336', 15, 1, 2, 2, 0, 'disetujui', '2026-05-01 10:51:07'),
(721, 'V.336', 16, 1, 2, 2, 0, 'disetujui', '2026-05-01 10:51:07'),
(722, 'V.336', 17, 1, 1, 1, 0, 'disetujui', '2026-05-01 10:51:07'),
(723, 'V.338', 10, 1, 1, 1, 0, 'disetujui', '2026-05-01 10:51:07'),
(724, 'V.338', 13, 1, 1, 1, 0, 'disetujui', '2026-05-01 10:51:07'),
(725, 'V.338', 8, 1, 1, 1, 0, 'disetujui', '2026-05-01 10:51:07'),
(726, 'V.338', 9, 1, 40, 40, 0, 'disetujui', '2026-05-01 10:51:07'),
(727, 'V.338', 11, 1, 4, 4, 0, 'disetujui', '2026-05-01 10:51:07'),
(728, 'V.338', 15, 1, 2, 2, 0, 'disetujui', '2026-05-01 10:51:07'),
(729, 'V.338', 16, 1, 2, 2, 0, 'disetujui', '2026-05-01 10:51:07'),
(730, 'V.338', 17, 1, 1, 1, 0, 'disetujui', '2026-05-01 10:51:07'),
(731, 'V.339', 10, 1, 1, 1, 0, 'disetujui', '2026-05-01 10:51:07'),
(732, 'V.339', 13, 1, 1, 1, 0, 'disetujui', '2026-05-01 10:51:07'),
(733, 'V.339', 8, 1, 1, 1, 0, 'disetujui', '2026-05-01 10:51:07'),
(734, 'V.339', 9, 1, 40, 40, 0, 'disetujui', '2026-05-01 10:51:07'),
(735, 'V.339', 11, 1, 4, 4, 0, 'disetujui', '2026-05-01 10:51:07'),
(736, 'V.339', 15, 1, 2, 2, 0, 'disetujui', '2026-05-01 10:51:07'),
(737, 'V.339', 16, 1, 2, 2, 0, 'disetujui', '2026-05-01 10:51:07'),
(738, 'V.339', 17, 1, 1, 1, 0, 'disetujui', '2026-05-01 10:51:07'),
(739, 'V.340', 10, 1, 1, 1, 0, 'disetujui', '2026-05-01 10:51:07'),
(740, 'V.340', 13, 1, 1, 1, 0, 'disetujui', '2026-05-01 10:51:07'),
(741, 'V.340', 8, 1, 1, 1, 0, 'disetujui', '2026-05-01 10:51:07'),
(742, 'V.340', 9, 1, 40, 40, 0, 'disetujui', '2026-05-01 10:51:07'),
(743, 'V.340', 11, 1, 4, 4, 0, 'disetujui', '2026-05-01 10:51:07'),
(744, 'V.340', 15, 1, 1, 1, 0, 'disetujui', '2026-05-01 10:51:07'),
(745, 'V.340', 16, 1, 1, 0, 1, 'disetujui', '2026-05-01 10:51:07'),
(746, 'V.340', 17, 1, 1, 1, 0, 'disetujui', '2026-05-01 10:51:07'),
(747, 'V.341', 10, 1, 1, 1, 0, 'disetujui', '2026-05-01 10:51:07'),
(748, 'V.341', 13, 1, 1, 1, 0, 'disetujui', '2026-05-01 10:51:07'),
(749, 'V.341', 8, 1, 1, 1, 0, 'disetujui', '2026-05-01 10:51:07'),
(750, 'V.341', 9, 1, 39, 39, 0, 'disetujui', '2026-05-01 10:51:07'),
(751, 'V.341', 11, 1, 4, 4, 0, 'disetujui', '2026-05-01 10:51:07'),
(752, 'V.341', 15, 1, 1, 1, 0, 'disetujui', '2026-05-01 10:51:07'),
(753, 'V.341', 16, 1, 1, 1, 0, 'disetujui', '2026-05-01 10:51:07'),
(754, 'V.341', 17, 1, 1, 1, 0, 'disetujui', '2026-05-01 10:51:07'),
(755, 'V.343', 10, 1, 1, 1, 0, 'disetujui', '2026-05-01 10:51:07'),
(756, 'V.343', 13, 1, 1, 1, 0, 'disetujui', '2026-05-01 10:51:07'),
(757, 'V.343', 8, 1, 1, 1, 0, 'disetujui', '2026-05-01 10:51:07'),
(758, 'V.343', 9, 1, 40, 40, 0, 'disetujui', '2026-05-01 10:51:07'),
(759, 'V.343', 11, 1, 4, 4, 0, 'disetujui', '2026-05-01 10:51:07'),
(760, 'V.343', 15, 1, 2, 2, 0, 'disetujui', '2026-05-01 10:51:07'),
(761, 'V.343', 16, 1, 2, 2, 0, 'disetujui', '2026-05-01 10:51:07'),
(762, 'V.343', 17, 1, 1, 1, 0, 'disetujui', '2026-05-01 10:51:07'),
(763, 'V.344', 10, 1, 1, 1, 0, 'disetujui', '2026-05-01 10:51:07'),
(764, 'V.344', 13, 1, 1, 1, 0, 'disetujui', '2026-05-01 10:51:07'),
(765, 'V.344', 8, 1, 1, 1, 0, 'disetujui', '2026-05-01 10:51:07'),
(766, 'V.344', 9, 1, 38, 38, 0, 'disetujui', '2026-05-01 10:51:07'),
(767, 'V.344', 11, 1, 4, 4, 0, 'disetujui', '2026-05-01 10:51:07'),
(768, 'V.344', 15, 1, 2, 2, 0, 'disetujui', '2026-05-01 10:51:07'),
(769, 'V.344', 16, 1, 2, 2, 0, 'disetujui', '2026-05-01 10:51:07'),
(770, 'V.344', 17, 1, 1, 1, 0, 'disetujui', '2026-05-01 10:51:07'),
(771, 'V.345', 10, 1, 1, 1, 0, 'disetujui', '2026-05-01 10:51:07'),
(772, 'V.345', 13, 1, 1, 1, 0, 'disetujui', '2026-05-01 10:51:07'),
(773, 'V.345', 8, 1, 1, 1, 0, 'disetujui', '2026-05-01 10:51:07'),
(774, 'V.345', 9, 1, 40, 39, 1, 'disetujui', '2026-05-01 10:51:07'),
(775, 'V.345', 11, 1, 4, 4, 0, 'disetujui', '2026-05-01 10:51:07'),
(776, 'V.345', 15, 1, 2, 2, 0, 'disetujui', '2026-05-01 10:51:07'),
(777, 'V.345', 16, 1, 2, 2, 0, 'disetujui', '2026-05-01 10:51:07'),
(778, 'V.345', 17, 1, 1, 1, 0, 'disetujui', '2026-05-01 10:51:07'),
(779, 'V.346', 10, 1, 1, 1, 0, 'disetujui', '2026-05-01 10:51:07'),
(780, 'V.346', 13, 1, 1, 1, 0, 'disetujui', '2026-05-01 10:51:07'),
(781, 'V.346', 8, 1, 1, 1, 0, 'disetujui', '2026-05-01 10:51:07'),
(782, 'V.346', 9, 1, 40, 40, 0, 'disetujui', '2026-05-01 10:51:07'),
(783, 'V.346', 11, 1, 4, 4, 0, 'disetujui', '2026-05-01 10:51:07'),
(784, 'V.346', 15, 1, 2, 2, 0, 'disetujui', '2026-05-01 10:51:07'),
(785, 'V.346', 16, 1, 2, 2, 0, 'disetujui', '2026-05-01 10:51:07'),
(786, 'V.346', 17, 1, 1, 1, 0, 'disetujui', '2026-05-01 10:51:07'),
(787, 'V.347', 10, 1, 1, 1, 0, 'disetujui', '2026-05-01 10:51:07'),
(788, 'V.347', 13, 1, 1, 1, 0, 'disetujui', '2026-05-01 10:51:07'),
(789, 'V.347', 8, 1, 1, 1, 0, 'disetujui', '2026-05-01 10:51:07'),
(790, 'V.347', 9, 1, 41, 41, 0, 'disetujui', '2026-05-01 10:51:07'),
(791, 'V.347', 11, 1, 4, 4, 0, 'disetujui', '2026-05-01 10:51:07'),
(792, 'V.347', 15, 1, 2, 2, 0, 'disetujui', '2026-05-01 10:51:07'),
(793, 'V.347', 16, 1, 2, 2, 0, 'disetujui', '2026-05-01 10:51:07'),
(794, 'V.347', 17, 1, 1, 1, 0, 'disetujui', '2026-05-01 10:51:07'),
(795, 'V.348', 10, 1, 1, 1, 0, 'disetujui', '2026-05-01 10:51:07'),
(796, 'V.348', 13, 1, 1, 1, 0, 'disetujui', '2026-05-01 10:51:07'),
(797, 'V.348', 8, 1, 1, 1, 0, 'disetujui', '2026-05-01 10:51:07'),
(798, 'V.348', 9, 1, 41, 40, 1, 'disetujui', '2026-05-01 10:51:07'),
(799, 'V.348', 11, 1, 4, 4, 0, 'disetujui', '2026-05-01 10:51:07'),
(800, 'V.348', 15, 1, 2, 2, 0, 'disetujui', '2026-05-01 10:51:07'),
(801, 'V.348', 16, 1, 2, 2, 0, 'disetujui', '2026-05-01 10:51:07'),
(802, 'V.348', 17, 1, 1, 1, 0, 'disetujui', '2026-05-01 10:51:07'),
(803, 'V.349', 10, 1, 1, 1, 0, 'disetujui', '2026-05-01 10:51:07'),
(804, 'V.349', 13, 1, 1, 1, 0, 'disetujui', '2026-05-01 10:51:07'),
(805, 'V.349', 8, 1, 1, 1, 0, 'disetujui', '2026-05-01 10:51:07'),
(806, 'V.349', 9, 1, 40, 40, 0, 'disetujui', '2026-05-01 10:51:07'),
(807, 'V.349', 11, 1, 4, 4, 0, 'disetujui', '2026-05-01 10:51:07'),
(808, 'V.349', 15, 1, 2, 2, 0, 'disetujui', '2026-05-01 10:51:07'),
(809, 'V.349', 16, 1, 2, 1, 1, 'disetujui', '2026-05-01 10:51:07'),
(810, 'V.349', 17, 1, 1, 1, 0, 'disetujui', '2026-05-01 10:51:07'),
(811, 'V.352', 10, 1, 1, 1, 0, 'disetujui', '2026-05-01 10:51:07'),
(812, 'V.352', 13, 1, 1, 1, 0, 'disetujui', '2026-05-01 10:51:07'),
(813, 'V.352', 8, 1, 1, 1, 0, 'disetujui', '2026-05-01 10:51:07'),
(814, 'V.352', 9, 1, 40, 39, 1, 'disetujui', '2026-05-01 10:51:07'),
(815, 'V.352', 11, 1, 4, 4, 0, 'disetujui', '2026-05-01 10:51:07'),
(816, 'V.352', 15, 1, 1, 1, 0, 'disetujui', '2026-05-01 10:51:07'),
(817, 'V.352', 16, 1, 1, 0, 1, 'disetujui', '2026-05-01 10:51:07'),
(818, 'V.352', 17, 1, 1, 1, 0, 'disetujui', '2026-05-01 10:51:07'),
(819, 'V.353', 10, 1, 1, 1, 0, 'disetujui', '2026-05-01 10:51:07'),
(820, 'V.353', 13, 1, 1, 1, 0, 'disetujui', '2026-05-01 10:51:07'),
(821, 'V.353', 8, 1, 1, 1, 0, 'disetujui', '2026-05-01 10:51:07'),
(822, 'V.353', 9, 1, 40, 40, 0, 'disetujui', '2026-05-01 10:51:07'),
(823, 'V.353', 11, 1, 4, 4, 0, 'disetujui', '2026-05-01 10:51:07'),
(824, 'V.353', 15, 1, 1, 1, 0, 'disetujui', '2026-05-01 10:51:07'),
(825, 'V.353', 16, 1, 2, 2, 0, 'disetujui', '2026-05-01 10:51:07');
INSERT INTO `ruangan_barang` (`id_ruangan_barang`, `kode_ruangan`, `id_barang`, `id_user`, `total_barang`, `kondisi_baik`, `kondisi_rusak`, `status_pengajuan`, `created_at`) VALUES
(826, 'V.353', 17, 1, 1, 1, 0, 'disetujui', '2026-05-01 10:51:07'),
(827, 'V.354', 10, 1, 1, 1, 0, 'disetujui', '2026-05-01 10:51:07'),
(828, 'V.354', 13, 1, 1, 1, 0, 'disetujui', '2026-05-01 10:51:07'),
(829, 'V.354', 8, 1, 1, 1, 0, 'disetujui', '2026-05-01 10:51:07'),
(830, 'V.354', 9, 1, 42, 42, 0, 'disetujui', '2026-05-01 10:51:07'),
(831, 'V.354', 11, 1, 4, 4, 0, 'disetujui', '2026-05-01 10:51:07'),
(832, 'V.354', 15, 1, 1, 1, 0, 'disetujui', '2026-05-01 10:51:07'),
(833, 'V.354', 16, 1, 1, 0, 1, 'disetujui', '2026-05-01 10:51:07'),
(834, 'V.354', 17, 1, 1, 1, 0, 'disetujui', '2026-05-01 10:51:07'),
(835, 'V.355', 10, 1, 1, 1, 0, 'disetujui', '2026-05-01 10:51:07'),
(836, 'V.355', 13, 1, 1, 1, 0, 'disetujui', '2026-05-01 10:51:07'),
(837, 'V.355', 8, 1, 1, 1, 0, 'disetujui', '2026-05-01 10:51:07'),
(838, 'V.355', 9, 1, 45, 45, 0, 'disetujui', '2026-05-01 10:51:07'),
(839, 'V.355', 11, 1, 4, 4, 0, 'disetujui', '2026-05-01 10:51:07'),
(840, 'V.355', 15, 1, 1, 1, 0, 'disetujui', '2026-05-01 10:51:07'),
(841, 'V.355', 16, 1, 2, 2, 0, 'disetujui', '2026-05-01 10:51:07'),
(842, 'V.355', 17, 1, 1, 1, 0, 'disetujui', '2026-05-01 10:51:07'),
(843, 'V.356', 10, 1, 1, 1, 0, 'disetujui', '2026-05-01 10:51:07'),
(844, 'V.356', 13, 1, 1, 1, 0, 'disetujui', '2026-05-01 10:51:07'),
(845, 'V.356', 8, 1, 1, 1, 0, 'disetujui', '2026-05-01 10:51:07'),
(846, 'V.356', 9, 1, 60, 60, 0, 'disetujui', '2026-05-01 10:51:07'),
(847, 'V.356', 11, 1, 4, 4, 0, 'disetujui', '2026-05-01 10:51:07'),
(848, 'V.356', 15, 1, 2, 2, 0, 'disetujui', '2026-05-01 10:51:07'),
(849, 'V.356', 16, 1, 2, 1, 1, 'disetujui', '2026-05-01 10:51:07'),
(850, 'V.356', 17, 1, 1, 1, 0, 'disetujui', '2026-05-01 10:51:07'),
(851, 'V.357', 10, 1, 1, 1, 0, 'disetujui', '2026-05-01 10:51:07'),
(852, 'V.357', 13, 1, 1, 1, 0, 'disetujui', '2026-05-01 10:51:07'),
(853, 'V.357', 8, 1, 1, 1, 0, 'disetujui', '2026-05-01 10:51:07'),
(854, 'V.357', 9, 1, 30, 30, 0, 'disetujui', '2026-05-01 10:51:07'),
(855, 'V.357', 11, 1, 4, 4, 0, 'disetujui', '2026-05-01 10:51:07'),
(856, 'V.357', 15, 1, 1, 1, 0, 'disetujui', '2026-05-01 10:51:07'),
(857, 'V.357', 16, 1, 1, 0, 1, 'disetujui', '2026-05-01 10:51:07'),
(858, 'V.357', 17, 1, 1, 1, 0, 'disetujui', '2026-05-01 10:51:07'),
(859, 'V.358', 10, 1, 1, 1, 0, 'disetujui', '2026-05-01 10:51:07'),
(860, 'V.358', 13, 1, 1, 1, 0, 'disetujui', '2026-05-01 10:51:07'),
(861, 'V.358', 8, 1, 1, 1, 0, 'disetujui', '2026-05-01 10:51:07'),
(862, 'V.358', 9, 1, 30, 30, 0, 'disetujui', '2026-05-01 10:51:07'),
(863, 'V.358', 11, 1, 4, 4, 0, 'disetujui', '2026-05-01 10:51:07'),
(864, 'V.358', 15, 1, 1, 1, 0, 'disetujui', '2026-05-01 10:51:07'),
(865, 'V.358', 16, 1, 2, 2, 0, 'disetujui', '2026-05-01 10:51:07'),
(866, 'V.358', 17, 1, 1, 1, 0, 'disetujui', '2026-05-01 10:51:07'),
(867, 'V.359', 10, 1, 1, 1, 0, 'disetujui', '2026-05-01 10:51:07'),
(868, 'V.359', 13, 1, 1, 1, 0, 'disetujui', '2026-05-01 10:51:07'),
(869, 'V.359', 8, 1, 1, 1, 0, 'disetujui', '2026-05-01 10:51:07'),
(870, 'V.359', 9, 1, 45, 45, 0, 'disetujui', '2026-05-01 10:51:07'),
(871, 'V.359', 11, 1, 4, 4, 0, 'disetujui', '2026-05-01 10:51:07'),
(872, 'V.359', 15, 1, 1, 1, 0, 'disetujui', '2026-05-01 10:51:07'),
(873, 'V.359', 16, 1, 2, 2, 0, 'disetujui', '2026-05-01 10:51:07'),
(874, 'V.359', 17, 1, 1, 1, 0, 'disetujui', '2026-05-01 10:51:07'),
(875, 'V.403', 10, 1, 1, 1, 0, 'disetujui', '2026-05-01 10:51:07'),
(876, 'V.403', 13, 1, 1, 1, 0, 'disetujui', '2026-05-01 10:51:07'),
(877, 'V.403', 8, 1, 1, 1, 0, 'disetujui', '2026-05-01 10:51:07'),
(878, 'V.403', 9, 1, 41, 41, 0, 'disetujui', '2026-05-01 10:51:07'),
(879, 'V.403', 11, 1, 4, 4, 0, 'disetujui', '2026-05-01 10:51:07'),
(880, 'V.403', 15, 1, 2, 2, 0, 'disetujui', '2026-05-01 10:51:07'),
(881, 'V.403', 16, 1, 2, 2, 0, 'disetujui', '2026-05-01 10:51:07'),
(882, 'V.403', 17, 1, 1, 1, 0, 'disetujui', '2026-05-01 10:51:07'),
(883, 'V.404', 10, 1, 1, 1, 0, 'disetujui', '2026-05-01 10:51:07'),
(884, 'V.404', 13, 1, 1, 1, 0, 'disetujui', '2026-05-01 10:51:07'),
(885, 'V.404', 8, 1, 1, 1, 0, 'disetujui', '2026-05-01 10:51:07'),
(886, 'V.404', 9, 1, 40, 40, 0, 'disetujui', '2026-05-01 10:51:07'),
(887, 'V.404', 11, 1, 4, 4, 0, 'disetujui', '2026-05-01 10:51:07'),
(888, 'V.404', 15, 1, 1, 1, 0, 'disetujui', '2026-05-01 10:51:07'),
(889, 'V.404', 16, 1, 2, 2, 0, 'disetujui', '2026-05-01 10:51:07'),
(890, 'V.404', 17, 1, 1, 1, 0, 'disetujui', '2026-05-01 10:51:07'),
(891, 'V.405', 10, 1, 1, 1, 0, 'disetujui', '2026-05-01 10:51:07'),
(892, 'V.405', 13, 1, 1, 1, 0, 'disetujui', '2026-05-01 10:51:07'),
(893, 'V.405', 8, 1, 1, 1, 0, 'disetujui', '2026-05-01 10:51:07'),
(894, 'V.405', 9, 1, 41, 41, 0, 'disetujui', '2026-05-01 10:51:07'),
(895, 'V.405', 11, 1, 4, 4, 0, 'disetujui', '2026-05-01 10:51:07'),
(896, 'V.405', 15, 1, 1, 1, 0, 'disetujui', '2026-05-01 10:51:07'),
(897, 'V.405', 16, 1, 2, 2, 0, 'disetujui', '2026-05-01 10:51:07'),
(898, 'V.405', 17, 1, 1, 1, 0, 'disetujui', '2026-05-01 10:51:07'),
(899, 'V.406', 10, 1, 1, 1, 0, 'disetujui', '2026-05-01 10:51:07'),
(900, 'V.406', 13, 1, 1, 1, 0, 'disetujui', '2026-05-01 10:51:07'),
(901, 'V.406', 8, 1, 1, 1, 0, 'disetujui', '2026-05-01 10:51:07'),
(902, 'V.406', 9, 1, 37, 37, 0, 'disetujui', '2026-05-01 10:51:07'),
(903, 'V.406', 11, 1, 4, 4, 0, 'disetujui', '2026-05-01 10:51:07'),
(904, 'V.406', 15, 1, 1, 1, 0, 'disetujui', '2026-05-01 10:51:07'),
(905, 'V.406', 16, 1, 2, 2, 0, 'disetujui', '2026-05-01 10:51:07'),
(906, 'V.406', 17, 1, 1, 1, 0, 'disetujui', '2026-05-01 10:51:07'),
(907, 'V.407', 10, 1, 1, 1, 0, 'disetujui', '2026-05-01 10:51:07'),
(908, 'V.407', 13, 1, 1, 1, 0, 'disetujui', '2026-05-01 10:51:07'),
(909, 'V.407', 8, 1, 1, 1, 0, 'disetujui', '2026-05-01 10:51:07'),
(910, 'V.407', 9, 1, 39, 39, 0, 'disetujui', '2026-05-01 10:51:07'),
(911, 'V.407', 11, 1, 4, 4, 0, 'disetujui', '2026-05-01 10:51:07'),
(912, 'V.407', 15, 1, 2, 2, 0, 'disetujui', '2026-05-01 10:51:07'),
(913, 'V.407', 16, 1, 2, 2, 0, 'disetujui', '2026-05-01 10:51:07'),
(914, 'V.407', 17, 1, 1, 1, 0, 'disetujui', '2026-05-01 10:51:07'),
(915, 'V.408', 10, 1, 1, 1, 0, 'disetujui', '2026-05-01 10:51:07'),
(916, 'V.408', 13, 1, 1, 1, 0, 'disetujui', '2026-05-01 10:51:07'),
(917, 'V.408', 8, 1, 1, 1, 0, 'disetujui', '2026-05-01 10:51:07'),
(918, 'V.408', 9, 1, 40, 40, 0, 'disetujui', '2026-05-01 10:51:07'),
(919, 'V.408', 11, 1, 4, 4, 0, 'disetujui', '2026-05-01 10:51:07'),
(920, 'V.408', 15, 1, 2, 2, 0, 'disetujui', '2026-05-01 10:51:07'),
(921, 'V.408', 16, 1, 2, 2, 0, 'disetujui', '2026-05-01 10:51:07'),
(922, 'V.408', 17, 1, 1, 1, 0, 'disetujui', '2026-05-01 10:51:07'),
(923, 'V.409', 10, 1, 1, 1, 0, 'disetujui', '2026-05-01 10:51:07'),
(924, 'V.409', 13, 1, 1, 1, 0, 'disetujui', '2026-05-01 10:51:07'),
(925, 'V.409', 8, 1, 1, 1, 0, 'disetujui', '2026-05-01 10:51:07'),
(926, 'V.409', 9, 1, 40, 40, 0, 'disetujui', '2026-05-01 10:51:07'),
(927, 'V.409', 11, 1, 4, 4, 0, 'disetujui', '2026-05-01 10:51:07'),
(928, 'V.409', 15, 1, 2, 2, 0, 'disetujui', '2026-05-01 10:51:07'),
(929, 'V.409', 16, 1, 2, 2, 0, 'disetujui', '2026-05-01 10:51:07'),
(930, 'V.409', 17, 1, 1, 1, 0, 'disetujui', '2026-05-01 10:51:07'),
(931, 'V.410', 10, 1, 1, 1, 0, 'disetujui', '2026-05-01 10:51:07'),
(932, 'V.410', 13, 1, 1, 1, 0, 'disetujui', '2026-05-01 10:51:07'),
(933, 'V.410', 8, 1, 1, 1, 0, 'disetujui', '2026-05-01 10:51:07'),
(934, 'V.410', 9, 1, 39, 39, 0, 'disetujui', '2026-05-01 10:51:07'),
(935, 'V.410', 11, 1, 4, 4, 0, 'disetujui', '2026-05-01 10:51:07'),
(936, 'V.410', 15, 1, 1, 1, 0, 'disetujui', '2026-05-01 10:51:07'),
(937, 'V.410', 16, 1, 2, 2, 0, 'disetujui', '2026-05-01 10:51:07'),
(938, 'V.410', 17, 1, 1, 1, 0, 'disetujui', '2026-05-01 10:51:07'),
(939, 'V.411', 10, 1, 1, 1, 0, 'disetujui', '2026-05-01 10:51:07'),
(940, 'V.411', 13, 1, 1, 1, 0, 'disetujui', '2026-05-01 10:51:07'),
(941, 'V.411', 8, 1, 1, 1, 0, 'disetujui', '2026-05-01 10:51:07'),
(942, 'V.411', 9, 1, 40, 40, 0, 'disetujui', '2026-05-01 10:51:07'),
(943, 'V.411', 11, 1, 4, 4, 0, 'disetujui', '2026-05-01 10:51:07'),
(944, 'V.411', 15, 1, 1, 1, 0, 'disetujui', '2026-05-01 10:51:07'),
(945, 'V.411', 16, 1, 2, 2, 0, 'disetujui', '2026-05-01 10:51:07'),
(946, 'V.411', 17, 1, 1, 1, 0, 'disetujui', '2026-05-01 10:51:07'),
(947, 'V.462', 10, 1, 1, 1, 0, 'disetujui', '2026-05-01 10:51:07'),
(948, 'V.462', 13, 1, 1, 1, 0, 'disetujui', '2026-05-01 10:51:07'),
(949, 'V.462', 8, 1, 1, 1, 0, 'disetujui', '2026-05-01 10:51:07'),
(950, 'V.462', 9, 1, 36, 36, 0, 'disetujui', '2026-05-01 10:51:07'),
(951, 'V.462', 11, 1, 4, 4, 0, 'disetujui', '2026-05-01 10:51:07'),
(952, 'V.462', 15, 1, 1, 1, 0, 'disetujui', '2026-05-01 10:51:07'),
(953, 'V.462', 16, 1, 2, 2, 0, 'disetujui', '2026-05-01 10:51:07'),
(954, 'V.462', 17, 1, 1, 1, 0, 'disetujui', '2026-05-01 10:51:07'),
(955, 'V.463', 10, 1, 1, 1, 0, 'disetujui', '2026-05-01 10:51:07'),
(956, 'V.463', 13, 1, 1, 1, 0, 'disetujui', '2026-05-01 10:51:07'),
(957, 'V.463', 8, 1, 1, 1, 0, 'disetujui', '2026-05-01 10:51:07'),
(958, 'V.463', 9, 1, 41, 40, 1, 'disetujui', '2026-05-01 10:51:07'),
(959, 'V.463', 11, 1, 4, 4, 0, 'disetujui', '2026-05-01 10:51:07'),
(960, 'V.463', 15, 1, 1, 1, 0, 'disetujui', '2026-05-01 10:51:07'),
(961, 'V.463', 16, 1, 1, 0, 1, 'disetujui', '2026-05-01 10:51:07'),
(962, 'V.463', 17, 1, 1, 1, 0, 'disetujui', '2026-05-01 10:51:07'),
(963, 'V.523', 10, 1, 1, 1, 0, 'disetujui', '2026-05-01 10:51:07'),
(964, 'V.523', 13, 1, 1, 1, 0, 'disetujui', '2026-05-01 10:51:07'),
(965, 'V.523', 8, 1, 1, 1, 0, 'disetujui', '2026-05-01 10:51:07'),
(966, 'V.523', 9, 1, 40, 40, 0, 'disetujui', '2026-05-01 10:51:07'),
(967, 'V.523', 11, 1, 4, 4, 0, 'disetujui', '2026-05-01 10:51:07'),
(968, 'V.523', 15, 1, 2, 2, 0, 'disetujui', '2026-05-01 10:51:07'),
(969, 'V.523', 16, 1, 1, 1, 0, 'disetujui', '2026-05-01 10:51:07'),
(970, 'V.523', 17, 1, 1, 1, 0, 'disetujui', '2026-05-01 10:51:07'),
(971, 'V.524', 10, 1, 1, 1, 0, 'disetujui', '2026-05-01 10:51:07'),
(972, 'V.524', 13, 1, 1, 1, 0, 'disetujui', '2026-05-01 10:51:07'),
(973, 'V.524', 8, 1, 1, 1, 0, 'disetujui', '2026-05-01 10:51:07'),
(974, 'V.524', 9, 1, 39, 39, 0, 'disetujui', '2026-05-01 10:51:07'),
(975, 'V.524', 11, 1, 4, 4, 0, 'disetujui', '2026-05-01 10:51:07'),
(976, 'V.524', 15, 1, 2, 2, 0, 'disetujui', '2026-05-01 10:51:07'),
(977, 'V.524', 16, 1, 1, 1, 0, 'disetujui', '2026-05-01 10:51:07'),
(978, 'V.524', 17, 1, 1, 1, 0, 'disetujui', '2026-05-01 10:51:07'),
(979, 'V.525', 10, 1, 1, 1, 0, 'disetujui', '2026-05-01 10:51:07'),
(980, 'V.525', 13, 1, 1, 1, 0, 'disetujui', '2026-05-01 10:51:07'),
(981, 'V.525', 8, 1, 1, 1, 0, 'disetujui', '2026-05-01 10:51:07'),
(982, 'V.525', 9, 1, 40, 40, 0, 'disetujui', '2026-05-01 10:51:07'),
(983, 'V.525', 11, 1, 4, 4, 0, 'disetujui', '2026-05-01 10:51:07'),
(984, 'V.525', 15, 1, 1, 1, 0, 'disetujui', '2026-05-01 10:51:07'),
(985, 'V.525', 16, 1, 1, 1, 0, 'disetujui', '2026-05-01 10:51:07'),
(986, 'V.525', 17, 1, 1, 1, 0, 'disetujui', '2026-05-01 10:51:07'),
(987, 'V.526', 10, 1, 1, 1, 0, 'disetujui', '2026-05-01 10:51:07'),
(988, 'V.526', 13, 1, 1, 1, 0, 'disetujui', '2026-05-01 10:51:07'),
(989, 'V.526', 8, 1, 1, 1, 0, 'disetujui', '2026-05-01 10:51:07'),
(990, 'V.526', 9, 1, 41, 41, 0, 'disetujui', '2026-05-01 10:51:07'),
(991, 'V.526', 11, 1, 4, 4, 0, 'disetujui', '2026-05-01 10:51:07'),
(992, 'V.526', 15, 1, 1, 1, 0, 'disetujui', '2026-05-01 10:51:07'),
(993, 'V.526', 16, 1, 1, 1, 0, 'disetujui', '2026-05-01 10:51:07'),
(994, 'V.526', 17, 1, 1, 1, 0, 'disetujui', '2026-05-01 10:51:07'),
(995, 'V.527', 10, 1, 1, 1, 0, 'disetujui', '2026-05-01 10:51:07'),
(996, 'V.527', 13, 1, 1, 1, 0, 'disetujui', '2026-05-01 10:51:07'),
(997, 'V.527', 8, 1, 1, 1, 0, 'disetujui', '2026-05-01 10:51:07'),
(998, 'V.527', 9, 1, 41, 41, 0, 'disetujui', '2026-05-01 10:51:07'),
(999, 'V.527', 11, 1, 4, 4, 0, 'disetujui', '2026-05-01 10:51:07'),
(1000, 'V.527', 15, 1, 1, 1, 0, 'disetujui', '2026-05-01 10:51:07'),
(1001, 'V.527', 16, 1, 1, 1, 0, 'disetujui', '2026-05-01 10:51:07'),
(1002, 'V.527', 17, 1, 1, 1, 0, 'disetujui', '2026-05-01 10:51:07'),
(1003, 'V.528', 10, 1, 1, 1, 0, 'disetujui', '2026-05-01 10:51:07'),
(1004, 'V.528', 13, 1, 1, 1, 0, 'disetujui', '2026-05-01 10:51:07'),
(1005, 'V.528', 8, 1, 1, 1, 0, 'disetujui', '2026-05-01 10:51:07'),
(1006, 'V.528', 9, 1, 40, 40, 0, 'disetujui', '2026-05-01 10:51:07'),
(1007, 'V.528', 11, 1, 4, 4, 0, 'disetujui', '2026-05-01 10:51:07'),
(1008, 'V.528', 15, 1, 2, 2, 0, 'disetujui', '2026-05-01 10:51:07'),
(1009, 'V.528', 16, 1, 1, 1, 0, 'disetujui', '2026-05-01 10:51:07'),
(1010, 'V.528', 17, 1, 1, 1, 0, 'disetujui', '2026-05-01 10:51:07'),
(1011, 'V.529', 10, 1, 1, 1, 0, 'disetujui', '2026-05-01 10:51:07'),
(1012, 'V.529', 13, 1, 1, 1, 0, 'disetujui', '2026-05-01 10:51:07'),
(1013, 'V.529', 8, 1, 1, 1, 0, 'disetujui', '2026-05-01 10:51:07'),
(1014, 'V.529', 9, 1, 39, 39, 0, 'disetujui', '2026-05-01 10:51:07'),
(1015, 'V.529', 11, 1, 4, 4, 0, 'disetujui', '2026-05-01 10:51:07'),
(1016, 'V.529', 15, 1, 2, 2, 0, 'disetujui', '2026-05-01 10:51:07'),
(1017, 'V.529', 16, 1, 1, 1, 0, 'disetujui', '2026-05-01 10:51:07'),
(1018, 'V.529', 17, 1, 1, 1, 0, 'disetujui', '2026-05-01 10:51:07'),
(1019, 'V.530', 10, 1, 1, 1, 0, 'disetujui', '2026-05-01 10:51:07'),
(1020, 'V.530', 13, 1, 1, 1, 0, 'disetujui', '2026-05-01 10:51:07'),
(1021, 'V.530', 8, 1, 1, 1, 0, 'disetujui', '2026-05-01 10:51:07'),
(1022, 'V.530', 9, 1, 41, 41, 0, 'disetujui', '2026-05-01 10:51:07'),
(1023, 'V.530', 11, 1, 4, 4, 0, 'disetujui', '2026-05-01 10:51:07'),
(1024, 'V.530', 15, 1, 2, 2, 0, 'disetujui', '2026-05-01 10:51:07'),
(1025, 'V.530', 16, 1, 1, 1, 0, 'disetujui', '2026-05-01 10:51:07'),
(1026, 'V.530', 17, 1, 1, 1, 0, 'disetujui', '2026-05-01 10:51:07'),
(1027, 'V.562', 10, 1, 1, 1, 0, 'disetujui', '2026-05-01 10:51:07'),
(1028, 'V.562', 13, 1, 1, 1, 0, 'disetujui', '2026-05-01 10:51:07'),
(1029, 'V.562', 8, 1, 1, 1, 0, 'disetujui', '2026-05-01 10:51:07'),
(1030, 'V.562', 9, 1, 42, 42, 0, 'disetujui', '2026-05-01 10:51:07'),
(1031, 'V.562', 11, 1, 4, 4, 0, 'disetujui', '2026-05-01 10:51:07'),
(1032, 'V.562', 15, 1, 2, 2, 0, 'disetujui', '2026-05-01 10:51:07'),
(1033, 'V.562', 16, 1, 2, 2, 0, 'disetujui', '2026-05-01 10:51:07'),
(1034, 'V.562', 17, 1, 1, 1, 0, 'disetujui', '2026-05-01 10:51:07'),
(1035, 'V.563', 10, 1, 1, 1, 0, 'disetujui', '2026-05-01 10:51:07'),
(1036, 'V.563', 13, 1, 1, 1, 0, 'disetujui', '2026-05-01 10:51:07'),
(1037, 'V.563', 8, 1, 1, 1, 0, 'disetujui', '2026-05-01 10:51:07'),
(1038, 'V.563', 9, 1, 34, 34, 0, 'disetujui', '2026-05-01 10:51:07'),
(1039, 'V.563', 11, 1, 4, 4, 0, 'disetujui', '2026-05-01 10:51:07'),
(1040, 'V.563', 15, 1, 2, 2, 0, 'disetujui', '2026-05-01 10:51:07'),
(1041, 'V.563', 16, 1, 1, 1, 0, 'disetujui', '2026-05-01 10:51:07'),
(1042, 'V.563', 17, 1, 1, 1, 0, 'disetujui', '2026-05-01 10:51:07'),
(1043, 'V.564', 10, 1, 1, 1, 0, 'disetujui', '2026-05-01 10:51:07'),
(1044, 'V.564', 13, 1, 1, 1, 0, 'disetujui', '2026-05-01 10:51:07'),
(1045, 'V.564', 8, 1, 1, 1, 0, 'disetujui', '2026-05-01 10:51:07'),
(1046, 'V.564', 9, 1, 53, 53, 0, 'disetujui', '2026-05-01 10:51:07'),
(1047, 'V.564', 11, 1, 6, 6, 0, 'disetujui', '2026-05-01 10:51:07'),
(1048, 'V.564', 15, 1, 2, 2, 0, 'disetujui', '2026-05-01 10:51:07'),
(1049, 'V.564', 16, 1, 2, 2, 0, 'disetujui', '2026-05-01 10:51:07'),
(1050, 'V.564', 17, 1, 1, 1, 0, 'disetujui', '2026-05-01 10:51:07'),
(1051, 'V.565', 10, 1, 1, 1, 0, 'disetujui', '2026-05-01 10:51:07'),
(1052, 'V.565', 13, 1, 1, 1, 0, 'disetujui', '2026-05-01 10:51:07'),
(1053, 'V.565', 8, 1, 1, 1, 0, 'disetujui', '2026-05-01 10:51:07'),
(1054, 'V.565', 9, 1, 37, 37, 0, 'disetujui', '2026-05-01 10:51:07'),
(1055, 'V.565', 11, 1, 4, 4, 0, 'disetujui', '2026-05-01 10:51:07'),
(1056, 'V.565', 15, 1, 2, 2, 0, 'disetujui', '2026-05-01 10:51:07'),
(1057, 'V.565', 16, 1, 2, 2, 0, 'disetujui', '2026-05-01 10:51:07'),
(1058, 'V.565', 17, 1, 1, 1, 0, 'disetujui', '2026-05-01 10:51:07'),
(1059, 'V.566', 10, 1, 1, 1, 0, 'disetujui', '2026-05-01 10:51:07'),
(1060, 'V.566', 13, 1, 1, 1, 0, 'disetujui', '2026-05-01 10:51:07'),
(1061, 'V.566', 8, 1, 1, 1, 0, 'disetujui', '2026-05-01 10:51:07'),
(1062, 'V.566', 9, 1, 36, 36, 0, 'disetujui', '2026-05-01 10:51:07'),
(1063, 'V.566', 11, 1, 4, 4, 0, 'disetujui', '2026-05-01 10:51:07'),
(1064, 'V.566', 15, 1, 2, 2, 0, 'disetujui', '2026-05-01 10:51:07'),
(1065, 'V.566', 16, 1, 1, 1, 0, 'disetujui', '2026-05-01 10:51:07'),
(1066, 'V.566', 17, 1, 1, 1, 0, 'disetujui', '2026-05-01 10:51:07'),
(1067, 'V.567', 10, 1, 1, 1, 0, 'disetujui', '2026-05-01 10:51:07'),
(1068, 'V.567', 13, 1, 1, 1, 0, 'disetujui', '2026-05-01 10:51:07'),
(1069, 'V.567', 8, 1, 1, 1, 0, 'disetujui', '2026-05-01 10:51:07'),
(1070, 'V.567', 9, 1, 43, 43, 0, 'disetujui', '2026-05-01 10:51:07'),
(1071, 'V.567', 11, 1, 4, 4, 0, 'disetujui', '2026-05-01 10:51:07'),
(1072, 'V.567', 15, 1, 2, 2, 0, 'disetujui', '2026-05-01 10:51:07'),
(1073, 'V.567', 16, 1, 2, 2, 0, 'disetujui', '2026-05-01 10:51:07'),
(1074, 'V.567', 17, 1, 1, 1, 0, 'disetujui', '2026-05-01 10:51:07'),
(1075, 'V.601', 10, 1, 1, 1, 0, 'disetujui', '2026-05-01 10:51:07'),
(1076, 'V.601', 13, 1, 1, 1, 0, 'disetujui', '2026-05-01 10:51:07'),
(1077, 'V.601', 8, 1, 1, 1, 0, 'disetujui', '2026-05-01 10:51:07'),
(1078, 'V.601', 9, 1, 40, 40, 0, 'disetujui', '2026-05-01 10:51:07'),
(1079, 'V.601', 11, 1, 4, 4, 0, 'disetujui', '2026-05-01 10:51:07'),
(1080, 'V.601', 15, 1, 2, 2, 0, 'disetujui', '2026-05-01 10:51:07'),
(1081, 'V.601', 16, 1, 2, 2, 0, 'disetujui', '2026-05-01 10:51:07'),
(1082, 'V.601', 17, 1, 1, 1, 0, 'disetujui', '2026-05-01 10:51:07'),
(1083, 'V.602', 10, 1, 1, 1, 0, 'disetujui', '2026-05-01 10:51:07'),
(1084, 'V.602', 13, 1, 1, 1, 0, 'disetujui', '2026-05-01 10:51:07'),
(1085, 'V.602', 8, 1, 1, 1, 0, 'disetujui', '2026-05-01 10:51:07'),
(1086, 'V.602', 9, 1, 40, 40, 0, 'disetujui', '2026-05-01 10:51:07'),
(1087, 'V.602', 11, 1, 4, 4, 0, 'disetujui', '2026-05-01 10:51:07'),
(1088, 'V.602', 15, 1, 2, 2, 0, 'disetujui', '2026-05-01 10:51:07'),
(1089, 'V.602', 16, 1, 2, 2, 0, 'disetujui', '2026-05-01 10:51:07'),
(1090, 'V.602', 17, 1, 1, 1, 0, 'disetujui', '2026-05-01 10:51:07'),
(1091, 'V.603', 10, 1, 1, 1, 0, 'disetujui', '2026-05-01 10:51:07'),
(1092, 'V.603', 13, 1, 1, 1, 0, 'disetujui', '2026-05-01 10:51:07'),
(1093, 'V.603', 8, 1, 1, 1, 0, 'disetujui', '2026-05-01 10:51:07'),
(1094, 'V.603', 9, 1, 41, 41, 0, 'disetujui', '2026-05-01 10:51:07'),
(1095, 'V.603', 11, 1, 4, 4, 0, 'disetujui', '2026-05-01 10:51:07'),
(1096, 'V.603', 15, 1, 1, 1, 0, 'disetujui', '2026-05-01 10:51:07'),
(1097, 'V.603', 16, 1, 2, 2, 0, 'disetujui', '2026-05-01 10:51:07'),
(1098, 'V.603', 17, 1, 1, 1, 0, 'disetujui', '2026-05-01 10:51:07'),
(1099, 'V.604', 10, 1, 1, 1, 0, 'disetujui', '2026-05-01 10:51:07'),
(1100, 'V.604', 13, 1, 1, 1, 0, 'disetujui', '2026-05-01 10:51:07'),
(1101, 'V.604', 8, 1, 1, 1, 0, 'disetujui', '2026-05-01 10:51:07'),
(1102, 'V.604', 9, 1, 40, 40, 0, 'disetujui', '2026-05-01 10:51:07'),
(1103, 'V.604', 11, 1, 4, 4, 0, 'disetujui', '2026-05-01 10:51:07'),
(1104, 'V.604', 15, 1, 1, 1, 0, 'disetujui', '2026-05-01 10:51:07'),
(1105, 'V.604', 16, 1, 2, 2, 0, 'disetujui', '2026-05-01 10:51:07'),
(1106, 'V.604', 17, 1, 1, 1, 0, 'disetujui', '2026-05-01 10:51:07'),
(1107, 'V.605', 10, 1, 1, 1, 0, 'disetujui', '2026-05-01 10:51:07'),
(1108, 'V.605', 13, 1, 1, 1, 0, 'disetujui', '2026-05-01 10:51:07'),
(1109, 'V.605', 8, 1, 1, 1, 0, 'disetujui', '2026-05-01 10:51:07'),
(1110, 'V.605', 9, 1, 39, 39, 0, 'disetujui', '2026-05-01 10:51:07'),
(1111, 'V.605', 11, 1, 4, 4, 0, 'disetujui', '2026-05-01 10:51:07'),
(1112, 'V.605', 15, 1, 1, 1, 0, 'disetujui', '2026-05-01 10:51:07'),
(1113, 'V.605', 16, 1, 2, 2, 0, 'disetujui', '2026-05-01 10:51:07'),
(1114, 'V.605', 17, 1, 1, 1, 0, 'disetujui', '2026-05-01 10:51:07'),
(1115, 'V.606', 10, 1, 1, 1, 0, 'disetujui', '2026-05-01 10:51:07'),
(1116, 'V.606', 13, 1, 1, 1, 0, 'disetujui', '2026-05-01 10:51:07'),
(1117, 'V.606', 8, 1, 1, 1, 0, 'disetujui', '2026-05-01 10:51:07'),
(1118, 'V.606', 9, 1, 41, 40, 1, 'disetujui', '2026-05-01 10:51:07'),
(1119, 'V.606', 11, 1, 4, 4, 0, 'disetujui', '2026-05-01 10:51:07'),
(1120, 'V.606', 15, 1, 1, 1, 0, 'disetujui', '2026-05-01 10:51:07'),
(1121, 'V.606', 16, 1, 2, 2, 0, 'disetujui', '2026-05-01 10:51:07'),
(1122, 'V.606', 17, 1, 1, 1, 0, 'disetujui', '2026-05-01 10:51:07'),
(1123, 'V.610', 10, 1, 1, 1, 0, 'disetujui', '2026-05-01 10:51:07'),
(1124, 'V.610', 13, 1, 1, 1, 0, 'disetujui', '2026-05-01 10:51:07'),
(1125, 'V.610', 8, 1, 1, 1, 0, 'disetujui', '2026-05-01 10:51:07'),
(1126, 'V.610', 9, 1, 38, 38, 0, 'disetujui', '2026-05-01 10:51:07'),
(1127, 'V.610', 11, 1, 4, 4, 0, 'disetujui', '2026-05-01 10:51:07'),
(1128, 'V.610', 15, 1, 1, 1, 0, 'disetujui', '2026-05-01 10:51:07'),
(1129, 'V.610', 16, 1, 2, 2, 0, 'disetujui', '2026-05-01 10:51:07'),
(1130, 'V.610', 17, 1, 1, 1, 0, 'disetujui', '2026-05-01 10:51:07'),
(1131, 'V.613', 10, 1, 1, 1, 0, 'disetujui', '2026-05-01 10:51:07'),
(1132, 'V.613', 13, 1, 1, 1, 0, 'disetujui', '2026-05-01 10:51:07'),
(1133, 'V.613', 8, 1, 1, 1, 0, 'disetujui', '2026-05-01 10:51:07'),
(1134, 'V.613', 9, 1, 39, 39, 0, 'disetujui', '2026-05-01 10:51:07'),
(1135, 'V.613', 11, 1, 4, 4, 0, 'disetujui', '2026-05-01 10:51:07'),
(1136, 'V.613', 15, 1, 2, 2, 0, 'disetujui', '2026-05-01 10:51:07'),
(1137, 'V.613', 16, 1, 2, 2, 0, 'disetujui', '2026-05-01 10:51:07'),
(1138, 'V.613', 17, 1, 1, 1, 0, 'disetujui', '2026-05-01 10:51:07'),
(1139, 'V.614', 10, 1, 1, 1, 0, 'disetujui', '2026-05-01 10:51:07'),
(1140, 'V.614', 13, 1, 1, 1, 0, 'disetujui', '2026-05-01 10:51:07'),
(1141, 'V.614', 8, 1, 1, 1, 0, 'disetujui', '2026-05-01 10:51:07'),
(1142, 'V.614', 9, 1, 39, 39, 0, 'disetujui', '2026-05-01 10:51:07'),
(1143, 'V.614', 11, 1, 4, 4, 0, 'disetujui', '2026-05-01 10:51:07'),
(1144, 'V.614', 15, 1, 2, 2, 0, 'disetujui', '2026-05-01 10:51:07'),
(1145, 'V.614', 16, 1, 2, 2, 0, 'disetujui', '2026-05-01 10:51:07'),
(1146, 'V.614', 17, 1, 1, 1, 0, 'disetujui', '2026-05-01 10:51:07'),
(1147, 'V.615', 10, 1, 1, 1, 0, 'disetujui', '2026-05-01 10:51:07'),
(1148, 'V.615', 13, 1, 1, 1, 0, 'disetujui', '2026-05-01 10:51:07'),
(1149, 'V.615', 8, 1, 1, 1, 0, 'disetujui', '2026-05-01 10:51:07'),
(1150, 'V.615', 9, 1, 42, 42, 0, 'disetujui', '2026-05-01 10:51:07'),
(1151, 'V.615', 11, 1, 4, 4, 0, 'disetujui', '2026-05-01 10:51:07'),
(1152, 'V.615', 15, 1, 2, 2, 0, 'disetujui', '2026-05-01 10:51:07'),
(1153, 'V.615', 16, 1, 2, 2, 0, 'disetujui', '2026-05-01 10:51:07'),
(1154, 'V.615', 17, 1, 1, 1, 0, 'disetujui', '2026-05-01 10:51:07'),
(1155, 'V.616', 10, 1, 1, 1, 0, 'disetujui', '2026-05-01 10:51:07'),
(1156, 'V.616', 13, 1, 1, 1, 0, 'disetujui', '2026-05-01 10:51:07'),
(1157, 'V.616', 8, 1, 1, 1, 0, 'disetujui', '2026-05-01 10:51:07'),
(1158, 'V.616', 9, 1, 40, 40, 0, 'disetujui', '2026-05-01 10:51:07'),
(1159, 'V.616', 11, 1, 4, 4, 0, 'disetujui', '2026-05-01 10:51:07'),
(1160, 'V.616', 15, 1, 2, 2, 0, 'disetujui', '2026-05-01 10:51:07'),
(1161, 'V.616', 16, 1, 2, 2, 0, 'disetujui', '2026-05-01 10:51:07'),
(1162, 'V.616', 17, 1, 1, 1, 0, 'disetujui', '2026-05-01 10:51:07'),
(1163, 'V.617', 10, 1, 1, 1, 0, 'disetujui', '2026-05-01 10:51:07'),
(1164, 'V.617', 13, 1, 1, 1, 0, 'disetujui', '2026-05-01 10:51:07'),
(1165, 'V.617', 8, 1, 1, 1, 0, 'disetujui', '2026-05-01 10:51:07'),
(1166, 'V.617', 9, 1, 41, 41, 0, 'disetujui', '2026-05-01 10:51:07'),
(1167, 'V.617', 11, 1, 4, 4, 0, 'disetujui', '2026-05-01 10:51:07'),
(1168, 'V.617', 15, 1, 2, 2, 0, 'disetujui', '2026-05-01 10:51:07'),
(1169, 'V.617', 16, 1, 2, 2, 0, 'disetujui', '2026-05-01 10:51:07'),
(1170, 'V.617', 17, 1, 1, 1, 0, 'disetujui', '2026-05-01 10:51:07'),
(1171, 'V.618', 10, 1, 1, 1, 0, 'disetujui', '2026-05-01 10:51:07'),
(1172, 'V.618', 13, 1, 1, 1, 0, 'disetujui', '2026-05-01 10:51:07'),
(1173, 'V.618', 8, 1, 1, 1, 0, 'disetujui', '2026-05-01 10:51:07'),
(1174, 'V.618', 9, 1, 38, 38, 0, 'disetujui', '2026-05-01 10:51:07'),
(1175, 'V.618', 11, 1, 4, 4, 0, 'disetujui', '2026-05-01 10:51:07'),
(1176, 'V.618', 15, 1, 2, 2, 0, 'disetujui', '2026-05-01 10:51:07'),
(1177, 'V.618', 16, 1, 1, 1, 0, 'disetujui', '2026-05-01 10:51:07'),
(1178, 'V.618', 17, 1, 1, 1, 0, 'disetujui', '2026-05-01 10:51:07'),
(1179, 'V.619', 10, 1, 1, 1, 0, 'disetujui', '2026-05-01 10:51:07'),
(1180, 'V.619', 13, 1, 1, 1, 0, 'disetujui', '2026-05-01 10:51:07'),
(1181, 'V.619', 8, 1, 1, 1, 0, 'disetujui', '2026-05-01 10:51:07'),
(1182, 'V.619', 9, 1, 39, 39, 0, 'disetujui', '2026-05-01 10:51:07'),
(1183, 'V.619', 11, 1, 4, 4, 0, 'disetujui', '2026-05-01 10:51:07'),
(1184, 'V.619', 15, 1, 2, 2, 0, 'disetujui', '2026-05-01 10:51:07'),
(1185, 'V.619', 16, 1, 2, 2, 0, 'disetujui', '2026-05-01 10:51:07'),
(1186, 'V.619', 17, 1, 1, 1, 0, 'disetujui', '2026-05-01 10:51:07'),
(1187, 'V.620', 10, 1, 1, 1, 0, 'disetujui', '2026-05-01 10:51:07'),
(1188, 'V.620', 13, 1, 1, 1, 0, 'disetujui', '2026-05-01 10:51:07'),
(1189, 'V.620', 8, 1, 1, 1, 0, 'disetujui', '2026-05-01 10:51:07'),
(1190, 'V.620', 9, 1, 38, 38, 0, 'disetujui', '2026-05-01 10:51:07'),
(1191, 'V.620', 11, 1, 4, 4, 0, 'disetujui', '2026-05-01 10:51:07'),
(1192, 'V.620', 15, 1, 2, 2, 0, 'disetujui', '2026-05-01 10:51:07'),
(1193, 'V.620', 16, 1, 2, 2, 0, 'disetujui', '2026-05-01 10:51:07'),
(1194, 'V.620', 17, 1, 1, 1, 0, 'disetujui', '2026-05-01 10:51:07'),
(1195, 'V.621', 10, 1, 1, 1, 0, 'disetujui', '2026-05-01 10:51:07'),
(1196, 'V.621', 13, 1, 1, 1, 0, 'disetujui', '2026-05-01 10:51:07'),
(1197, 'V.621', 8, 1, 1, 1, 0, 'disetujui', '2026-05-01 10:51:07'),
(1198, 'V.621', 9, 1, 38, 38, 0, 'disetujui', '2026-05-01 10:51:07'),
(1199, 'V.621', 11, 1, 4, 4, 0, 'disetujui', '2026-05-01 10:51:07'),
(1200, 'V.621', 15, 1, 1, 1, 0, 'disetujui', '2026-05-01 10:51:07'),
(1201, 'V.621', 16, 1, 2, 2, 0, 'disetujui', '2026-05-01 10:51:07'),
(1202, 'V.621', 17, 1, 1, 1, 0, 'disetujui', '2026-05-01 10:51:07'),
(1203, 'V.622', 10, 1, 1, 1, 0, 'disetujui', '2026-05-01 10:51:07'),
(1204, 'V.622', 13, 1, 1, 1, 0, 'disetujui', '2026-05-01 10:51:07'),
(1205, 'V.622', 8, 1, 1, 1, 0, 'disetujui', '2026-05-01 10:51:07'),
(1206, 'V.622', 9, 1, 38, 38, 0, 'disetujui', '2026-05-01 10:51:07'),
(1207, 'V.622', 11, 1, 4, 4, 0, 'disetujui', '2026-05-01 10:51:07'),
(1208, 'V.622', 15, 1, 1, 1, 0, 'disetujui', '2026-05-01 10:51:07'),
(1209, 'V.622', 16, 1, 2, 2, 0, 'disetujui', '2026-05-01 10:51:07'),
(1210, 'V.622', 17, 1, 1, 1, 0, 'disetujui', '2026-05-01 10:51:07'),
(1211, 'V.623', 10, 1, 1, 1, 0, 'disetujui', '2026-05-01 10:51:07'),
(1212, 'V.623', 13, 1, 1, 1, 0, 'disetujui', '2026-05-01 10:51:07'),
(1213, 'V.623', 8, 1, 1, 1, 0, 'disetujui', '2026-05-01 10:51:07'),
(1214, 'V.623', 9, 1, 38, 38, 0, 'disetujui', '2026-05-01 10:51:07'),
(1215, 'V.623', 11, 1, 4, 4, 0, 'disetujui', '2026-05-01 10:51:07'),
(1216, 'V.623', 15, 1, 1, 1, 0, 'disetujui', '2026-05-01 10:51:07'),
(1217, 'V.623', 16, 1, 2, 2, 0, 'disetujui', '2026-05-01 10:51:07'),
(1218, 'V.623', 17, 1, 1, 1, 0, 'disetujui', '2026-05-01 10:51:07'),
(1219, 'V.624', 10, 1, 1, 1, 0, 'disetujui', '2026-05-01 10:51:07'),
(1220, 'V.624', 13, 1, 1, 1, 0, 'disetujui', '2026-05-01 10:51:07'),
(1221, 'V.624', 8, 1, 1, 1, 0, 'disetujui', '2026-05-01 10:51:07'),
(1222, 'V.624', 9, 1, 38, 38, 0, 'disetujui', '2026-05-01 10:51:07'),
(1223, 'V.624', 11, 1, 4, 4, 0, 'disetujui', '2026-05-01 10:51:07'),
(1226, 'V.624', 17, 1, 1, 1, 0, 'disetujui', '2026-05-01 10:51:07'),
(1227, 'V.626', 10, 1, 1, 1, 0, 'disetujui', '2026-05-01 10:51:07'),
(1228, 'V.626', 13, 1, 1, 1, 0, 'disetujui', '2026-05-01 10:51:07'),
(1229, 'V.626', 8, 1, 1, 1, 0, 'disetujui', '2026-05-01 10:51:07'),
(1230, 'V.626', 9, 1, 38, 38, 0, 'disetujui', '2026-05-01 10:51:07'),
(1231, 'V.626', 11, 1, 4, 4, 0, 'disetujui', '2026-05-01 10:51:07'),
(1232, 'V.626', 15, 1, 2, 2, 0, 'disetujui', '2026-05-01 10:51:07'),
(1233, 'V.626', 16, 1, 2, 2, 0, 'disetujui', '2026-05-01 10:51:07'),
(1234, 'V.626', 17, 1, 1, 1, 0, 'disetujui', '2026-05-01 10:51:07'),
(1235, 'V.627', 10, 1, 1, 1, 0, 'disetujui', '2026-05-01 10:51:07'),
(1236, 'V.627', 13, 1, 1, 1, 0, 'disetujui', '2026-05-01 10:51:07'),
(1237, 'V.627', 8, 1, 1, 1, 0, 'disetujui', '2026-05-01 10:51:07'),
(1238, 'V.627', 9, 1, 38, 38, 0, 'disetujui', '2026-05-01 10:51:07'),
(1239, 'V.627', 11, 1, 4, 4, 0, 'disetujui', '2026-05-01 10:51:07'),
(1240, 'V.627', 15, 1, 1, 1, 0, 'disetujui', '2026-05-01 10:51:07'),
(1241, 'V.627', 16, 1, 2, 2, 0, 'disetujui', '2026-05-01 10:51:07'),
(1242, 'V.627', 17, 1, 1, 1, 0, 'disetujui', '2026-05-01 10:51:07'),
(1243, 'V.628', 10, 1, 1, 1, 0, 'disetujui', '2026-05-01 10:51:07'),
(1244, 'V.628', 13, 1, 1, 1, 0, 'disetujui', '2026-05-01 10:51:07'),
(1245, 'V.628', 8, 1, 1, 1, 0, 'disetujui', '2026-05-01 10:51:07'),
(1246, 'V.628', 9, 1, 38, 38, 0, 'disetujui', '2026-05-01 10:51:07'),
(1247, 'V.628', 11, 1, 4, 4, 0, 'disetujui', '2026-05-01 10:51:07'),
(1248, 'V.628', 15, 1, 1, 1, 0, 'disetujui', '2026-05-01 10:51:07'),
(1249, 'V.628', 16, 1, 2, 2, 0, 'disetujui', '2026-05-01 10:51:07'),
(1250, 'V.628', 17, 1, 1, 1, 0, 'disetujui', '2026-05-01 10:51:07'),
(1251, 'V.629', 10, 1, 1, 1, 0, 'disetujui', '2026-05-01 10:51:07'),
(1252, 'V.629', 13, 1, 1, 1, 0, 'disetujui', '2026-05-01 10:51:07'),
(1253, 'V.629', 8, 1, 1, 1, 0, 'disetujui', '2026-05-01 10:51:07'),
(1254, 'V.629', 9, 1, 39, 39, 0, 'disetujui', '2026-05-01 10:51:07'),
(1255, 'V.629', 11, 1, 4, 4, 0, 'disetujui', '2026-05-01 10:51:07'),
(1256, 'V.629', 15, 1, 1, 1, 0, 'disetujui', '2026-05-01 10:51:07'),
(1257, 'V.629', 16, 1, 2, 2, 0, 'disetujui', '2026-05-01 10:51:07'),
(1258, 'V.629', 17, 1, 1, 1, 0, 'disetujui', '2026-05-01 10:51:07'),
(1259, 'V.630', 10, 1, 1, 1, 0, 'disetujui', '2026-05-01 10:51:07'),
(1260, 'V.630', 13, 1, 1, 1, 0, 'disetujui', '2026-05-01 10:51:07'),
(1261, 'V.630', 8, 1, 1, 1, 0, 'disetujui', '2026-05-01 10:51:07'),
(1262, 'V.630', 9, 1, 38, 38, 0, 'disetujui', '2026-05-01 10:51:07'),
(1263, 'V.630', 11, 1, 4, 4, 0, 'disetujui', '2026-05-01 10:51:07'),
(1264, 'V.630', 15, 1, 2, 2, 0, 'disetujui', '2026-05-01 10:51:07'),
(1265, 'V.630', 16, 1, 2, 2, 0, 'disetujui', '2026-05-01 10:51:07'),
(1266, 'V.630', 17, 1, 1, 1, 0, 'disetujui', '2026-05-01 10:51:07'),
(1267, 'V.631', 10, 1, 1, 1, 0, 'disetujui', '2026-05-01 10:51:07'),
(1268, 'V.631', 13, 1, 1, 1, 0, 'disetujui', '2026-05-01 10:51:07'),
(1269, 'V.631', 8, 1, 1, 1, 0, 'disetujui', '2026-05-01 10:51:07'),
(1270, 'V.631', 9, 1, 38, 38, 0, 'disetujui', '2026-05-01 10:51:07'),
(1271, 'V.631', 11, 1, 4, 4, 0, 'disetujui', '2026-05-01 10:51:07'),
(1272, 'V.631', 15, 1, 2, 2, 0, 'disetujui', '2026-05-01 10:51:07'),
(1273, 'V.631', 16, 1, 2, 2, 0, 'disetujui', '2026-05-01 10:51:07'),
(1274, 'V.631', 17, 1, 1, 1, 0, 'disetujui', '2026-05-01 10:51:07'),
(1275, 'V.632', 10, 1, 1, 1, 0, 'disetujui', '2026-05-01 10:51:07'),
(1276, 'V.632', 13, 1, 1, 1, 0, 'disetujui', '2026-05-01 10:51:07'),
(1277, 'V.632', 8, 1, 1, 1, 0, 'disetujui', '2026-05-01 10:51:07'),
(1278, 'V.632', 9, 1, 39, 39, 0, 'disetujui', '2026-05-01 10:51:07'),
(1279, 'V.632', 11, 1, 4, 4, 0, 'disetujui', '2026-05-01 10:51:07'),
(1280, 'V.632', 15, 1, 2, 2, 0, 'disetujui', '2026-05-01 10:51:07'),
(1281, 'V.632', 16, 1, 2, 2, 0, 'disetujui', '2026-05-01 10:51:07'),
(1282, 'V.632', 17, 1, 1, 1, 0, 'disetujui', '2026-05-01 10:51:07'),
(1283, 'V.939', 10, 1, 1, 1, 0, 'disetujui', '2026-05-01 10:51:07'),
(1284, 'V.939', 13, 1, 1, 1, 0, 'disetujui', '2026-05-01 10:51:07'),
(1285, 'V.939', 8, 1, 1, 1, 0, 'disetujui', '2026-05-01 10:51:07'),
(1286, 'V.939', 9, 1, 47, 47, 0, 'disetujui', '2026-05-01 10:51:07'),
(1287, 'V.939', 11, 1, 4, 4, 0, 'disetujui', '2026-05-01 10:51:07'),
(1288, 'V.939', 15, 1, 1, 1, 0, 'disetujui', '2026-05-01 10:51:07'),
(1289, 'V.939', 16, 1, 2, 2, 0, 'disetujui', '2026-05-01 10:51:07'),
(1290, 'V.939', 17, 1, 1, 1, 0, 'disetujui', '2026-05-01 10:51:07'),
(1291, 'V.944', 10, 1, 1, 1, 0, 'disetujui', '2026-05-01 10:51:07'),
(1292, 'V.944', 13, 1, 1, 1, 0, 'disetujui', '2026-05-01 10:51:07'),
(1293, 'V.944', 8, 1, 1, 1, 0, 'disetujui', '2026-05-01 10:51:07'),
(1294, 'V.944', 9, 1, 35, 35, 0, 'disetujui', '2026-05-01 10:51:07'),
(1295, 'V.944', 11, 1, 3, 3, 0, 'disetujui', '2026-05-01 10:51:07'),
(1296, 'V.944', 15, 1, 2, 2, 0, 'disetujui', '2026-05-01 10:51:07'),
(1297, 'V.944', 16, 1, 2, 2, 0, 'disetujui', '2026-05-01 10:51:07'),
(1298, 'V.944', 17, 1, 1, 1, 0, 'disetujui', '2026-05-01 10:51:07'),
(1299, 'V.949', 10, 1, 1, 1, 0, 'disetujui', '2026-05-01 10:51:07'),
(1300, 'V.949', 13, 1, 1, 1, 0, 'disetujui', '2026-05-01 10:51:07'),
(1301, 'V.949', 8, 1, 1, 1, 0, 'disetujui', '2026-05-01 10:51:07'),
(1302, 'V.949', 9, 1, 42, 42, 0, 'disetujui', '2026-05-01 10:51:07'),
(1303, 'V.949', 11, 1, 4, 4, 0, 'disetujui', '2026-05-01 10:51:07'),
(1304, 'V.949', 15, 1, 1, 1, 0, 'disetujui', '2026-05-01 10:51:07'),
(1305, 'V.949', 16, 1, 2, 2, 0, 'disetujui', '2026-05-01 10:51:07'),
(1306, 'V.949', 17, 1, 1, 1, 0, 'disetujui', '2026-05-01 10:51:07'),
(1307, 'V.950', 10, 1, 1, 1, 0, 'disetujui', '2026-05-01 10:51:07'),
(1308, 'V.950', 13, 1, 1, 1, 0, 'disetujui', '2026-05-01 10:51:07'),
(1309, 'V.950', 8, 1, 1, 1, 0, 'disetujui', '2026-05-01 10:51:07'),
(1310, 'V.950', 9, 1, 38, 38, 0, 'disetujui', '2026-05-01 10:51:07'),
(1311, 'V.950', 11, 1, 4, 4, 0, 'disetujui', '2026-05-01 10:51:07'),
(1312, 'V.950', 15, 1, 1, 0, 1, 'disetujui', '2026-05-01 10:51:07'),
(1313, 'V.950', 16, 1, 2, 2, 0, 'disetujui', '2026-05-01 10:51:07'),
(1314, 'V.950', 17, 1, 1, 1, 0, 'disetujui', '2026-05-01 10:51:07'),
(1315, 'V.952', 10, 1, 1, 1, 0, 'disetujui', '2026-05-01 10:51:07'),
(1316, 'V.952', 13, 1, 1, 1, 0, 'disetujui', '2026-05-01 10:51:07'),
(1317, 'V.952', 8, 1, 1, 1, 0, 'disetujui', '2026-05-01 10:51:07'),
(1318, 'V.952', 9, 1, 40, 40, 0, 'disetujui', '2026-05-01 10:51:07'),
(1319, 'V.952', 11, 1, 4, 3, 1, 'disetujui', '2026-05-01 10:51:07'),
(1320, 'V.952', 15, 1, 1, 1, 0, 'disetujui', '2026-05-01 10:51:07'),
(1321, 'V.952', 16, 1, 1, 0, 1, 'disetujui', '2026-05-01 10:51:07'),
(1322, 'V.952', 17, 1, 1, 1, 0, 'disetujui', '2026-05-01 10:51:07'),
(1323, 'V.953', 10, 1, 1, 1, 0, 'disetujui', '2026-05-01 10:51:07'),
(1324, 'V.953', 13, 1, 1, 1, 0, 'disetujui', '2026-05-01 10:51:07'),
(1325, 'V.953', 8, 1, 1, 1, 0, 'disetujui', '2026-05-01 10:51:07'),
(1326, 'V.953', 9, 1, 32, 32, 0, 'disetujui', '2026-05-01 10:51:07'),
(1327, 'V.953', 11, 1, 4, 3, 1, 'disetujui', '2026-05-01 10:51:07'),
(1328, 'V.953', 15, 1, 2, 2, 0, 'disetujui', '2026-05-01 10:51:07'),
(1329, 'V.953', 16, 1, 1, 0, 1, 'disetujui', '2026-05-01 10:51:07'),
(1330, 'V.953', 17, 1, 1, 1, 0, 'disetujui', '2026-05-01 10:51:07'),
(1331, 'V.954', 10, 1, 1, 1, 0, 'disetujui', '2026-05-01 10:51:07'),
(1332, 'V.954', 13, 1, 1, 1, 0, 'disetujui', '2026-05-01 10:51:07'),
(1333, 'V.954', 8, 1, 1, 1, 0, 'disetujui', '2026-05-01 10:51:07'),
(1334, 'V.954', 9, 1, 42, 42, 0, 'disetujui', '2026-05-01 10:51:07'),
(1335, 'V.954', 11, 1, 4, 3, 1, 'disetujui', '2026-05-01 10:51:07'),
(1336, 'V.954', 15, 1, 1, 1, 0, 'disetujui', '2026-05-01 10:51:07'),
(1337, 'V.954', 16, 1, 2, 2, 0, 'disetujui', '2026-05-01 10:51:07'),
(1338, 'V.954', 17, 1, 1, 1, 0, 'disetujui', '2026-05-01 10:51:07'),
(1339, 'V.955', 10, 1, 1, 1, 0, 'disetujui', '2026-05-01 10:51:07'),
(1340, 'V.955', 13, 1, 1, 1, 0, 'disetujui', '2026-05-01 10:51:07'),
(1341, 'V.955', 8, 1, 1, 1, 0, 'disetujui', '2026-05-01 10:51:07'),
(1342, 'V.955', 9, 1, 42, 42, 0, 'disetujui', '2026-05-01 10:51:07'),
(1343, 'V.955', 11, 1, 4, 4, 0, 'disetujui', '2026-05-01 10:51:07'),
(1344, 'V.955', 15, 1, 2, 2, 0, 'disetujui', '2026-05-01 10:51:07'),
(1345, 'V.955', 16, 1, 1, 1, 0, 'disetujui', '2026-05-01 10:51:07'),
(1346, 'V.955', 17, 1, 1, 1, 0, 'disetujui', '2026-05-01 10:51:07'),
(1347, 'V.956', 10, 1, 1, 1, 0, 'disetujui', '2026-05-01 10:51:07'),
(1348, 'V.956', 13, 1, 1, 1, 0, 'disetujui', '2026-05-01 10:51:07'),
(1349, 'V.956', 8, 1, 1, 1, 0, 'disetujui', '2026-05-01 10:51:07'),
(1350, 'V.956', 9, 1, 45, 45, 0, 'disetujui', '2026-05-01 10:51:07'),
(1351, 'V.956', 11, 1, 4, 4, 0, 'disetujui', '2026-05-01 10:51:07'),
(1352, 'V.956', 15, 1, 2, 2, 0, 'disetujui', '2026-05-01 10:51:07'),
(1353, 'V.956', 16, 1, 2, 2, 0, 'disetujui', '2026-05-01 10:51:07'),
(1354, 'V.956', 17, 1, 1, 1, 0, 'disetujui', '2026-05-01 10:51:07'),
(1355, 'V.957', 10, 1, 1, 1, 0, 'disetujui', '2026-05-01 10:51:07'),
(1356, 'V.957', 13, 1, 1, 1, 0, 'disetujui', '2026-05-01 10:51:07'),
(1357, 'V.957', 8, 1, 1, 1, 0, 'disetujui', '2026-05-01 10:51:07'),
(1358, 'V.957', 9, 1, 40, 40, 0, 'disetujui', '2026-05-01 10:51:07'),
(1359, 'V.957', 11, 1, 4, 4, 0, 'disetujui', '2026-05-01 10:51:07'),
(1360, 'V.957', 15, 1, 1, 1, 0, 'disetujui', '2026-05-01 10:51:07'),
(1361, 'V.957', 16, 1, 2, 2, 0, 'disetujui', '2026-05-01 10:51:07'),
(1362, 'V.957', 17, 1, 1, 1, 0, 'disetujui', '2026-05-01 10:51:07'),
(1363, 'V.958', 10, 1, 1, 1, 0, 'disetujui', '2026-05-01 10:51:07'),
(1364, 'V.958', 13, 1, 1, 1, 0, 'disetujui', '2026-05-01 10:51:07'),
(1365, 'V.958', 8, 1, 1, 1, 0, 'disetujui', '2026-05-01 10:51:07'),
(1366, 'V.958', 9, 1, 41, 41, 0, 'disetujui', '2026-05-01 10:51:07'),
(1367, 'V.958', 11, 1, 4, 4, 0, 'disetujui', '2026-05-01 10:51:07'),
(1368, 'V.958', 15, 1, 1, 1, 0, 'disetujui', '2026-05-01 10:51:07'),
(1369, 'V.958', 16, 1, 1, 1, 0, 'disetujui', '2026-05-01 10:51:07'),
(1370, 'V.958', 17, 1, 1, 1, 0, 'disetujui', '2026-05-01 10:51:07'),
(1371, 'V.960', 10, 1, 1, 1, 0, 'disetujui', '2026-05-01 10:51:07'),
(1372, 'V.960', 13, 1, 1, 1, 0, 'disetujui', '2026-05-01 10:51:07'),
(1373, 'V.960', 8, 1, 1, 1, 0, 'disetujui', '2026-05-01 10:51:07'),
(1374, 'V.960', 9, 1, 41, 41, 0, 'disetujui', '2026-05-01 10:51:07'),
(1375, 'V.960', 11, 1, 4, 4, 0, 'disetujui', '2026-05-01 10:51:07'),
(1376, 'V.960', 15, 1, 1, 1, 0, 'disetujui', '2026-05-01 10:51:07'),
(1377, 'V.960', 16, 1, 2, 2, 0, 'disetujui', '2026-05-01 10:51:07'),
(1378, 'V.960', 17, 1, 1, 1, 0, 'disetujui', '2026-05-01 10:51:07'),
(1379, 'V.624', 8, 1, 3, 3, 0, 'ditolak', '2026-05-01 11:07:36'),
(1380, 'V.624', 9, 1, 2, 2, 0, 'ditolak', '2026-05-01 11:17:15'),
(1381, 'V.624', 11, 1, 1, 1, 0, 'disetujui', '2026-05-01 11:17:15'),
(1383, 'V.624', 15, 1, 11, 10, 1, 'disetujui', '2026-05-01 13:07:31'),
(1384, 'V.624', 15, 104, 7, 6, 1, 'disetujui', '2026-05-01 13:07:39'),
(1385, 'V.624', 11, 104, 2, 2, 0, 'disetujui', '2026-05-01 13:08:41'),
(1386, 'V.624', 13, 104, 1, 1, 0, 'ditolak', '2026-05-01 13:13:54'),
(1387, 'V.624', 15, 104, 1, 0, 1, 'disetujui', '2026-05-01 14:56:10'),
(1388, 'V.624', 8, 104, 2, 2, 0, 'disetujui', '2026-05-11 08:19:07'),
(1389, 'V.607', 23, 1, 1, 1, 0, 'disetujui', '2026-05-11 12:35:38'),
(1390, 'V.607', 13, 1, 12, 12, 0, 'disetujui', '2026-05-11 12:35:38'),
(1391, 'V.607', 8, 1, 56, 56, 0, 'disetujui', '2026-05-11 12:35:38'),
(1392, 'V.607', 26, 1, 6, 6, 0, 'disetujui', '2026-05-11 12:35:38'),
(1393, 'V.607', 25, 1, 1, 1, 0, 'disetujui', '2026-05-11 12:35:38'),
(1394, 'V.607', 10, 1, 1, 1, 0, 'disetujui', '2026-05-11 12:35:38'),
(1395, 'V.607', 21, 1, 2, 2, 0, 'disetujui', '2026-05-11 12:35:38'),
(1405, 'V.1212', 16, 1, 4, 4, 0, 'disetujui', '2026-05-11 16:38:43'),
(1406, 'V.201', 10, 1, 1, 1, 0, 'disetujui', '2026-05-11 17:31:22'),
(1407, 'V.201', 13, 1, 1, 1, 0, 'disetujui', '2026-05-11 17:31:22'),
(1408, 'V.201', 8, 1, 1, 1, 0, 'disetujui', '2026-05-11 17:31:22'),
(1409, 'V.201', 9, 1, 24, 24, 0, 'disetujui', '2026-05-11 17:31:22'),
(1410, 'V.201', 11, 1, 4, 4, 0, 'disetujui', '2026-05-11 17:31:22'),
(1411, 'V.201', 15, 1, 1, 1, 0, 'disetujui', '2026-05-11 17:31:22'),
(1412, 'V.201', 16, 1, 2, 2, 0, 'disetujui', '2026-05-11 17:31:22'),
(1413, 'V.201', 17, 1, 1, 1, 0, 'disetujui', '2026-05-11 17:31:22'),
(1422, 'V.1019', 10, 1, 1, 1, 0, 'disetujui', '2026-05-11 17:32:18'),
(1423, 'V.1019', 13, 1, 1, 1, 0, 'disetujui', '2026-05-11 17:32:18'),
(1424, 'V.1019', 8, 1, 1, 1, 0, 'disetujui', '2026-05-11 17:32:18'),
(1425, 'V.1019', 9, 1, 40, 40, 0, 'disetujui', '2026-05-11 17:32:18'),
(1426, 'V.1019', 11, 1, 4, 4, 0, 'disetujui', '2026-05-11 17:32:18'),
(1427, 'V.1019', 15, 1, 2, 2, 0, 'disetujui', '2026-05-11 17:32:18'),
(1428, 'V.1019', 16, 1, 2, 2, 0, 'disetujui', '2026-05-11 17:32:18'),
(1429, 'V.1019', 17, 1, 2, 2, 0, 'disetujui', '2026-05-11 17:32:18'),
(1441, 'V.999', 34, 1, 1, 1, 0, 'disetujui', '2026-05-13 11:21:08'),
(1442, 'V.999', 8, 1, 2, 2, 0, 'disetujui', '2026-05-13 11:24:19'),
(1444, 'V.102', 26, 1, 1, 1, 0, 'disetujui', '2026-05-13 11:41:12'),
(1445, 'V.1019', 26, 1, 1, 1, 0, 'disetujui', '2026-05-13 11:41:49'),
(1446, 'V.1023', 26, 1, 1, 1, 0, 'disetujui', '2026-05-13 15:07:03'),
(1447, 'V.1033', 26, 1, 1, 1, 0, 'disetujui', '2026-05-14 20:48:45'),
(1448, 'V.115', 26, 1, 1, 1, 0, 'disetujui', '2026-05-14 20:49:08');

-- --------------------------------------------------------

--
-- Struktur dari tabel `user`
--

CREATE TABLE `user` (
  `id_user` int NOT NULL,
  `username` varchar(50) CHARACTER SET utf8mb4 COLLATE utf8mb4_general_ci DEFAULT NULL,
  `password` varchar(100) CHARACTER SET utf8mb4 COLLATE utf8mb4_general_ci DEFAULT NULL,
  `nama_lengkap` varchar(100) CHARACTER SET utf8mb4 COLLATE utf8mb4_general_ci DEFAULT NULL,
  `kode_kelas` varchar(20) CHARACTER SET utf8mb4 COLLATE utf8mb4_general_ci NOT NULL,
  `role` enum('Admin','Ketua kelas','OB') CHARACTER SET utf8mb4 COLLATE utf8mb4_general_ci NOT NULL,
  `kode_ruangan` varchar(10) CHARACTER SET utf8mb4 COLLATE utf8mb4_general_ci DEFAULT NULL,
  `delete_at` int NOT NULL DEFAULT '1'
) ENGINE=InnoDB DEFAULT CHARSET=utf8mb4 COLLATE=utf8mb4_general_ci;

--
-- Dumping data untuk tabel `user`
--

INSERT INTO `user` (`id_user`, `username`, `password`, `nama_lengkap`, `kode_kelas`, `role`, `kode_ruangan`, `delete_at`) VALUES
(1, 'SuperAdmin12', '$2y$10$hpoCgZcxY5..WXctTe/A8uY.gyjCJbkbtlPN15Jfw7pitlKbwkdj6', 'Super Admin', '', 'Admin', NULL, 1),
(2, 'OfficeBoy', 'obunpam', 'Office Boy', '-', 'OB', NULL, 1),
(3, 'riengrha', '$2y$10$pG6I5cbndM8svA89PU6zCO31c1ileNrP.GzP6.ut1UfsnabrcgCCG', 'Arie Nugraha', '', 'Admin', NULL, 1),
(4, 'admin', '$2y$10$cr9CCROkBMbxZAOS6CZvGOSjG4MOw8/z1gZZFQKxbmj6Tv9LxBREe', 'Admin Unpam', '', 'Admin', NULL, 1),
(104, '231011401210', '121006TPLP029', 'Abdil Rambhani', '06TPLP029', 'Ketua kelas', 'V.624', 1),
(105, '241011400931', '093104TPLP024', 'Abdul Hafidz Riyan Maulana', '04TPLP024', 'Ketua kelas', 'V.322', 1),
(106, '221011400719', '071908TPLE015', 'Abdul Rochman', '08TPLE015', 'Ketua kelas', 'V.732', 1),
(107, '221011400514', '051408TPLP012', 'Abdullah Hafizh Sahal', '08TPLP012', 'Ketua kelas', 'V.713', 1),
(108, '221011400752', '075208TPLP018', 'Abdurahman', '08TPLP018', 'Ketua kelas', 'V.719', 1),
(109, '251011400502', '050202TPLP010', 'Abyaz Mizanur Rahman', '02TPLP010', 'Ketua kelas', 'V.114', 1),
(110, '221011401667', '166708TPLK001', 'Achmad Darel Lubawi', '08TPLK001', 'Ketua kelas', 'V.115', 1),
(111, '241011450072', '007203TPLP001', 'Achmad Dzaki', '03TPLP001', 'Ketua kelas', 'V.208', 1),
(112, '241011400476', '047604TPLE007', 'Achmad Rizky Safi\'i', '04TPLE007', 'Ketua kelas', 'V.610', 1),
(113, '251011400563', '056302TPLE009', 'Achmad Robbani', '02TPLE009', 'Ketua kelas', 'V.116', 1),
(114, '251011400303', '030302TPLE005', 'Adam Maulana Yusuf', '02TPLE005', 'Ketua kelas', 'V.112', 1),
(115, '231011402396', '239606TPLP032', 'Addelia Aldha Kharisma', '06TPLP032', 'Ketua kelas', 'V.627', 1),
(116, '231011401184', '118406TPLE019', 'Ade Nurhali', '06TPLE019', 'Ketua kelas', 'V.712', 1),
(117, '241011400986', '098604TPLP026', 'Ade Puji Ramadhani', '04TPLP026', 'Ketua kelas', 'V.324', 1),
(118, '251011400234', '023402TPLP004', 'Adhitya Fajar Prasetyo', '02TPLP004', 'Ketua kelas', 'V.108', 1),
(119, '221011400833', '083308TPLE017', 'Aditsa Akmal Fauzi', '08TPLE017', 'Ketua kelas', 'V.734', 1),
(120, '221011402109', '210908TPLM001', 'Aditya Rizki Ramadhan', '08TPLM001', 'Ketua kelas', 'V.606', 1),
(121, '231011450119', '011905TPLE004', 'Afiq Nur Izza Addakhil', '05TPLE004', 'Ketua kelas', 'V.624', 1),
(122, '221011450311', '031107TPLM002', 'Afiyah Rahmah', '07TPLM002', 'Ketua kelas', 'V.605', 1),
(123, '231011402963', '296306TPLP035', 'Afliadi Rahman Syah', '06TPLP035', 'Ketua kelas', 'V.630', 1),
(124, '231011400552', '055206TPLE001', 'Afriaty Rohmah', '06TPLE001', 'Ketua kelas', 'V.627', 1),
(125, '251011400122', '012202TPLK001', 'Agusnia Zalukhu', '02TPLK001', 'Ketua kelas', 'V.601', 1),
(126, '231011400278', '027806TPLE006', 'Ahmad Dzaky Heryadi', '06TPLE006', 'Ketua kelas', 'V.632', 1),
(127, '241011402463', '246304TPLP025', 'Ahmad Kamaludin', '04TPLP025', 'Ketua kelas', 'V.323', 1),
(128, '231011400791', '079106TPLM006', 'Ahmad Renaldy', '06TPLM006', 'Ketua kelas', 'V.127', 1),
(129, '241011402867', '286704TPLP022', 'Ahmad Rizki Paisal', '04TPLP022', 'Ketua kelas', 'V.320', 1),
(130, '231011450497', '049705TPLE002', 'Akuila Yoel Amote Tambunan', '05TPLE002', 'Ketua kelas', 'V.622', 1),
(131, '231011401939', '193906TPLP038', 'Al\'mas Zein Saputra', '06TPLP038', 'Ketua kelas', 'V.622', 1),
(132, '241011402419', '241904TPLE008', 'Alda Brian Jaya', '04TPLE008', 'Ketua kelas', 'V.613', 1),
(133, '251011400528', '052802TPLP011', 'Aldiansyah Sastrawinata', '02TPLP011', 'Ketua kelas', 'V.115', 1),
(134, '241011402724', '272404TPLP020', 'Alexander Zidane', '04TPLP020', 'Ketua kelas', 'V.318', 1),
(135, '221011400106', '010608TPLP006', 'All Iqbar Arifin', '08TPLP006', 'Ketua kelas', 'V.707', 1),
(136, '221011401181', '118108TPLP007', 'Alvito Dean Nova', '08TPLP007', 'Ketua kelas', 'V.708', 1),
(137, '241011401332', '133204TPLP035', 'Alya Ghina Khoirunnisa Suryaningrat', '04TPLP035', 'Ketua kelas', 'V.738', 1),
(138, '241011450409', '040903TPLE001', 'Ananda Lukman Ramadhan', '03TPLE001', 'Ketua kelas', 'V.124', 1),
(139, '241011400773', '077304TPLK005', 'Andika Aji Nugroho', '04TPLK005', 'Ketua kelas', 'V.617', 1),
(140, '251011400946', '094602TPLP021', 'Andika Alhafiz', '02TPLP021', 'Ketua kelas', 'V.125', 1),
(141, '251011401149', '114902TPLM006', 'Andito Mulya Radjab', '02TPLM006', 'Ketua kelas', 'V.109', 1),
(142, '241011400342', '034204TPLP008', 'Andra Cahya Khairansyah', '04TPLP008', 'Ketua kelas', 'V.217', 1),
(143, '221011402129', '212908TPLP004', 'Andrian', '08TPLP004', 'Ketua kelas', 'V.705', 1),
(144, '241011400133', '013304TPLP003', 'Anggun Ario Saputra', '04TPLP003', 'Ketua kelas', 'V.212', 1),
(145, '231011400069', '006906TPLP002', 'Anissa Namira Salsabilla', '06TPLP002', 'Ketua kelas', 'V.744', 1),
(146, '251011401217', '121702TPLP027', 'Anita', '02TPLP027', 'Ketua kelas', 'V.203', 1),
(147, '231011400397', '039706TPLK003', 'Arditya Ihza Pramana Putera', '06TPLK003', 'Ketua kelas', 'V.108', 1),
(148, '241011401044', '104404TPLM007', 'Arfi Naza Fatihahdien', '04TPLM007', 'Ketua kelas', 'V.118', 1),
(149, '221011401805', '180508TPLM007', 'Arief Fathan Shalhan', '08TPLM007', 'Ketua kelas', 'V.615', 1),
(150, '251011400064', '006402TPLP001', 'Arien Zelpy', '02TPLP001', 'Ketua kelas', 'V.104', 1),
(151, '221011402037', '203708TPLE012', 'Arif Nurdiyan Syah Putra Utama', '08TPLE012', 'Ketua kelas', 'V.729', 1),
(152, '231011400941', '094106TPLE015', 'Ariful Farhan', '06TPLE015', 'Ketua kelas', 'V.708', 1),
(153, '241011450317', '031703TPLP003', 'Arnold Darmawan', '03TPLP003', 'Ketua kelas', 'V.209', 1),
(154, '231011401756', '175606TPLE004', 'Artha Mauludani', '06TPLE004', 'Ketua kelas', 'V.630', 1),
(155, '241011400048', '004804TPLK001', 'Arya Ardiansyah', '04TPLK001', 'Ketua kelas', 'V.613', 1),
(156, '251011400109', '010902TPLP002', 'Arya Putra Sadewa', '02TPLP002', 'Ketua kelas', 'V.105', 1),
(157, '241011401623', '162304TPLP023', 'Arya Ramadhani', '04TPLP023', 'Ketua kelas', 'V.321', 1),
(158, '221011450392', '039207TPLE004', 'Asep Surya Agustin', '07TPLE004', 'Ketua kelas', 'V.716', 1),
(160, '221011400625', '062508TPLP015', 'Audi Rachmawan', '08TPLP015', 'Ketua kelas', 'V.716', 1),
(161, '231011450398', '039805TPLP002', 'Aulia Salsabila', '05TPLP002', 'Ketua kelas', 'V.741', 1),
(162, '231011400376', '037606TPLE008', 'Ayang Gufron Saputra', '06TPLE008', 'Ketua kelas', 'V.701', 1),
(163, '241011400099', '009904TPLP002', 'Azka Insan Robbani', '04TPLP002', 'Ketua kelas', 'V.211', 1),
(164, '231011400747', '074706TPLP018', 'Bagas Irawan', '06TPLP018', 'Ketua kelas', 'V.613', 1),
(165, '231011402714', '271406TPLP015', 'Bagas Mishbahuddin', '06TPLP015', 'Ketua kelas', 'V.608', 1),
(166, '251011402320', '232002TPLK007', 'Bagoes Haris Ramadhan', '02TPLK007', 'Ketua kelas', 'V.608', 1),
(167, '251011400347', '034702TPLE001', 'Bagus Muhamad Priambodo', '02TPLE001', 'Ketua kelas', 'V.108', 1),
(168, '251011401639', '163902TPLP029', 'Bagus Pangapuro', '02TPLP029', 'Ketua kelas', 'V.205', 1),
(169, '251011400609', '060902TPLK004', 'Bahrul Ulum Ramadhani', '02TPLK004', 'Ketua kelas', 'V.604', 1),
(170, '231011450405', '040505TPLK001', 'Barkah Dzikrullah', '05TPLK001', 'Ketua kelas', 'V.103', 1),
(171, '221011400350', '035008TPLM005', 'Bayu Pamungkas', '08TPLM005', 'Ketua kelas', 'V.613', 1),
(172, '241011403102', '310204TPLE014', 'Bimo Tegar Aryanto', '04TPLE014', 'Ketua kelas', 'V.619', 1),
(173, '231011402563', '256306TPLP021', 'Bintang Pratama', '06TPLP021', 'Ketua kelas', 'V.616', 1),
(174, '231011401165', '116506TPLP028', 'Brian Ridho Martani', '06TPLP028', 'Ketua kelas', 'V.623', 1),
(175, '251011400799', '079902TPLP017', 'Brilliant Abiem Ardzico', '02TPLP017', 'Ketua kelas', 'V.121', 1),
(176, '221011450504', '050407TPLE002', 'Bryan Prathama Selbi', '07TPLE002', 'Ketua kelas', 'V.714', 1),
(177, '251011400813', '081302TPLE012', 'Bulan Febrica Indriane', '02TPLE012', 'Ketua kelas', 'V.119', 1),
(178, '251011400378', '037802TPLP008', 'Candra Wahyu Eka Cahyadi', '02TPLP008', 'Ketua kelas', 'V.112', 1),
(179, '241011450140', '014002TPLE006', 'Chaerul Ihsan', '02TPLE006', 'Ketua kelas', 'V.113', 1),
(180, '221011400569', '056908TPLP014', 'Christensen Rozy Klaping', '08TPLP014', 'Ketua kelas', 'V.715', 1),
(181, '231011400566', '056606TPLP013', 'Daffa Arifta Eryana', '06TPLP013', 'Ketua kelas', 'V.605', 1),
(182, '251011400651', '065102TPLP014', 'Daffa Ramzy Bayhaqiy', '02TPLP014', 'Ketua kelas', 'V.118', 1),
(183, '221011401903', '190308TPLP003', 'Damars Alfi Syahri', '08TPLP003', 'Ketua kelas', 'V.704', 1),
(184, '241011401228', '122804TPLP032', 'Darius Ariga Rayhan Saboe', '04TPLP032', 'Ketua kelas', 'V.735', 1),
(185, '241011402778', '277804TPLP005', 'Dastin Musyaffa Gusmawan', '04TPLP005', 'Ketua kelas', 'V.214', 1),
(186, '241011401221', '122104TPLP031', 'Dea Khoirunnisa', '04TPLP031', 'Ketua kelas', 'V.734', 1),
(187, '241011400077', '007704TPLE002', 'Dea Puspita', '04TPLE002', 'Ketua kelas', 'V.604', 1),
(188, '221011403381', '338108TPLM003', 'Debi Kurnia', '08TPLM003', 'Ketua kelas', 'V.609', 1),
(189, '221011401989', '198908TPLP008', 'Deby Lastrifani', '08TPLP008', 'Ketua kelas', 'V.709', 1),
(190, '221011401597', '159708TPLE007', 'Dekka Arung Lazuardi', '08TPLE007', 'Ketua kelas', 'V.724', 1),
(191, '231011400945', '094506TPLP023', 'Derysa Maulana Putra Setya', '06TPLP023', 'Ketua kelas', 'V.618', 1),
(192, '241011402604', '260404TPLK004', 'Dewi Lestari', '04TPLK004', 'Ketua kelas', 'V.616', 1),
(193, '221011401074', '107408TPLP028', 'Dian Tri Yuniarti', '08TPLP028', 'Ketua kelas', 'V.728', 1),
(194, '231011400020', '002006TPLP001', 'Didik Kusuma Rahmat', '06TPLP001', 'Ketua kelas', 'V.743', 1),
(195, '251011401135', '113502TPLE015', 'Dimas Bayu Tirta', '02TPLE015', 'Ketua kelas', 'V.122', 1),
(196, '221011450182', '018207TPLK002', 'Dimas Galih Rianto', '07TPLK002', 'Ketua kelas', 'V.114', 1),
(197, '241011400664', '066404TPLP017', 'Dimas Saputra', '04TPLP017', 'Ketua kelas', 'V.225', 1),
(198, '221011400728', '072808TPLP017', 'Dini Juniarti', '08TPLP017', 'Ketua kelas', 'V.718', 1),
(199, '231011403430', '343006TPLM005', 'Dio Aria Mahesa', '06TPLM005', 'Ketua kelas', 'V.126', 1),
(200, '241011401219', '121904TPLM008', 'Ditia Wulandari', '04TPLM008', 'Ketua kelas', 'V.119', 1),
(201, '231011402424', '242406TPLE012', 'Eddy Susanto', '06TPLE012', 'Ketua kelas', 'V.705', 1),
(202, '241011400667', '066704TPLE009', 'Eko Junanto', '04TPLE009', 'Ketua kelas', 'V.614', 1),
(203, '231011402819', '281906TPLE014', 'Erliza Sabila Rahmaya', '06TPLE014', 'Ketua kelas', 'V.707', 1),
(204, '241011400621', '062104TPLM004', 'Fachri Biafsyah', '04TPLM004', 'Ketua kelas', 'V.115', 1),
(205, '251011400037', '003702TPLM001', 'Fadjar Aryo Seto', '02TPLM001', 'Ketua kelas', 'V.103', 1),
(206, '251011402447', '244702TPLK006', 'Fadlin Wildan Rabbani', '02TPLK006', 'Ketua kelas', 'V.606', 1),
(207, '241011400441', '044104TPLP011', 'Fahmi Abror Sodikin', '04TPLP011', 'Ketua kelas', 'V.219A', 1),
(208, '251011401383', '138302TPLP031', 'Faiq Jastien Zain', '02TPLP031', 'Ketua kelas', 'V.207', 1),
(209, '241011403276', '327604TPLP021', 'Fakhri Hasabi', '04TPLP021', 'Ketua kelas', 'V.319', 1),
(210, '221011400797', '079708TPLP019', 'Farhan Martiza Al Syamsik', '08TPLP019', 'Ketua kelas', 'V.720', 1),
(211, '221011400061', '006108TPLP002', 'Farhan Septian', '08TPLP002', 'Ketua kelas', 'V.703', 1),
(212, '241011450432', '043203TPLK001', 'Farhan Tri Wahyu Pamungkas', '03TPLK001', 'Ketua kelas', 'V.609', 1),
(213, '231011403551', '355106TPLM008', 'Fasya Yusita', '06TPLM008', 'Ketua kelas', 'V.601', 1),
(214, '251011401662', '166202TPLP023', 'Fathurrahman Baihaqi', '02TPLP023', 'Ketua kelas', 'V.127', 1),
(216, '251011450323', '032301TPLP003', 'Febrianto Zaidan', '01TPLP003', 'Ketua kelas', 'V.103 ', 1),
(217, '241011450657', '065703TPLE003', 'Ferdinan Sembiring', '03TPLE003', 'Ketua kelas', 'V.126 ', 1),
(218, '241011400148', '014804TPLP004', 'Fira Amanda Nurindah Sari', '04TPLP004', 'Ketua kelas', 'V.213 ', 1),
(219, '231011403024', '302406TPLE018', 'Fitus Yayan Ofonaio Zebua', '06TPLE018', 'Ketua kelas', 'V.711 ', 1),
(220, '221011400686', '068608TPLE014', 'Galih Tawakal Alamin', '08TPLE014', 'Ketua kelas', 'V.731 ', 1),
(221, '221011402704', '270408TPLE010', 'Genta Ramadhan', '08TPLE010', 'Ketua kelas', 'V.727 ', 1),
(222, '251011450032', '003201TPLP001', 'Geovany Pahsa', '01TPLP001', 'Ketua kelas', 'V.101', 1),
(223, '251011400753', '075302TPLP016', 'Glendly Raynaldy Kuma\'at', '02TPLP016', 'Ketua kelas', 'V.120 ', 1),
(224, '251011450260', '026001TPLK002', 'Habib', '01TPLK002', 'Ketua kelas', 'V.530 ', 1),
(225, '231011400393', '039306TPLP008', 'Haerur Ritzsal', '06TPLP008', 'Ketua kelas', 'V.726 ', 1),
(226, '251011400507', '050702TPLE007', 'Hakiman Nurholis', '02TPLE007', 'Ketua kelas', 'V.114 ', 1),
(227, '241011402000', '200004TPLK002', 'Halpian Hadi', '04TPLK002', 'Ketua kelas', 'V.614 ', 1),
(228, '231011401102', '110206TPLP027', 'Hamzah Fachrudin Muntadzar', '06TPLP027', 'Ketua kelas', 'V.622 ', 1),
(229, '231011401637', '163706TPLK004', 'Haris Usman', '06TPLK004', 'Ketua kelas', 'V.109 ', 1),
(230, '241011450172', '017203TPLE007', 'Harke Sanubari', '03TPLE007', 'Ketua kelas', 'V.602 ', 1),
(231, '231011402220', '222006TPLE010', 'Hildan Wijianto', '06TPLE010', 'Ketua kelas', 'V.703 ', 1),
(232, '231011400149', '014906TPLK002', 'Ikhlasun Arifin', '06TPLK002', 'Ketua kelas', 'V.107 ', 1),
(233, '241011400939', '093904TPLE012', 'Ikhsan Adzimil Burhan', '04TPLE012', 'Ketua kelas', 'V.617 ', 1),
(234, '251011400087', '008702TPLE002', 'Indra Arga Muria', '02TPLE002', 'Ketua kelas', 'V.109 ', 1),
(235, '231011402308', '230806TPLP006', 'Iqbal Julyansyah', '06TPLP006', 'Ketua kelas', 'V.704 ', 1),
(236, '251011402043', '204302TPLE008', 'Jafar Abdurrohman Muzamil', '02TPLE008', 'Ketua kelas', 'V.115 ', 1),
(237, '231011400253', '025306TPLE005', 'Jaisy Muhammad Algifari', '06TPLE005', 'Ketua kelas', 'V.631 ', 1),
(238, '231011402902', '290206TPLP007', 'Janu Sari', '06TPLP007', 'Ketua kelas', 'V.730 ', 1),
(239, '221011401042', '104208TPLP027', 'Jasmine Indhira Aghivani', '08TPLP027', 'Ketua kelas', 'V.727 ', 1),
(240, '231011402467', '246706TPLE011', 'Jhodie Naufal Kertoprodjo', '06TPLE011', 'Ketua kelas', 'V.704 ', 1),
(241, '241011400496', '049604TPLP012', 'Jhon Paulus Damanik', '04TPLP012', 'Ketua kelas', 'V.220 ', 1),
(242, '231011402339', '233906TPLK005', 'Jidan Nugroho', '06TPLK005', 'Ketua kelas', 'V.110 ', 1),
(243, '241011402911', '291104TPLM006', 'Jodi Herlando', '04TPLM006', 'Ketua kelas', 'V.117 ', 1),
(244, '241011401684', '168404TPLP028', 'Jonathan Kurniawan', '04TPLP028', 'Ketua kelas', 'V.731 ', 1),
(245, '231011403386', '338606TPLP033', 'Jonathan Pramudita Perdana', '06TPLP033', 'Ketua kelas', 'V.628 ', 1),
(246, '241011403056', '305604TPLP027', 'Juan Alfredo Ferryera Situmorang', '04TPLP027', 'Ketua kelas', 'V.325 ', 1),
(247, '251011401065', '106502TPLP024', 'Juan Nabil Pratama', '02TPLP024', 'Ketua kelas', 'V.128 ', 1),
(248, '241011402001', '200104TPLP036', 'Juandhika Firmani Putra', '04TPLP036', 'Ketua kelas', 'V.739 ', 1),
(249, '251011402407', '240702TPLE004', 'Jundulloh Rizki Ananda', '02TPLE004', 'Ketua kelas', 'V.111 ', 1),
(250, '251011402099', '209901TPLM005', 'Kafkariela Prima Rasendriya', '01TPLM005', 'Ketua kelas', 'V.622 ', 1),
(251, '241011402455', '245504TPLE010', 'Kartika Azari', '04TPLE010', 'Ketua kelas', 'V.615 ', 1),
(252, '221011402473', '247308TPLE001', 'Keneth Langit Baranduda', '08TPLE001', 'Ketua kelas', 'V.719 ', 1),
(253, '221011400853', '085308TPLP021', 'Kevin Novebrianto', '08TPLP021', 'Ketua kelas', 'V.722 ', 1),
(254, '221011402942', '294208TPLM009', 'Khaenan Syabil Huda', '08TPLM009', 'Ketua kelas', 'V.617 ', 1),
(255, '241011400718', '071804TPLP018', 'Khairunnisa Syafitri', '04TPLP018', 'Ketua kelas', 'V.226 ', 1),
(256, '231011401223', '122306TPLP030', 'Ladzuardy Islami', '06TPLP030', 'Ketua kelas', 'V.725 ', 1),
(257, '251011400510', '051002TPLM003', 'Lidwina Kalu Lamadoken', '02TPLM003', 'Ketua kelas', 'V.105 ', 1),
(258, '241011450069', '006903TPLE004', 'Lusi Syafiyah Rahmah', '03TPLE004', 'Ketua kelas', 'V.127 ', 1),
(260, '221011400259', '025908TPLE006', 'Lutfi Nurwasfiah', '08TPLE006', 'Ketua kelas', 'V.723A  ', 1),
(261, '231011401741', '174106TPLP004', 'M. Radhi As Shidqie', '06TPLP004', 'Ketua kelas', 'V.702  ', 1),
(262, '241011400308', '030804TPLE005', 'Maharani Putri Junaidi', '04TPLE005', 'Ketua kelas', 'V.608  ', 1),
(263, '231011400102', '010206TPLE003', 'Maria Fransiska Lamapaha', '06TPLE003', 'Ketua kelas', 'V.629  ', 1),
(264, '251011450037', '003701TPLE003', 'Marsha Fauziah', '01TPLE003', 'Ketua kelas', 'V.103  ', 1),
(265, '231011400247', '024706TPLP005', 'Maulana Aulia Rahman', '06TPLP005', 'Ketua kelas', 'V.703  ', 1),
(266, '221011400738', '073808TPLE016', 'Meisya Maulidia', '08TPLE016', 'Ketua kelas', 'V.733  ', 1),
(267, '231011402155', '215506TPLK007', 'Mentari Ayuningsih', '06TPLK007', 'Ketua kelas', 'V.112  ', 1),
(268, '221011450469', '046907TPLK001', 'Meroni Gulo', '07TPLK001', 'Ketua kelas', 'V.113  ', 1),
(269, '221011402943', '294308TPLP022', 'Michael Marsello Serang', '08TPLP022', 'Ketua kelas', 'V.723  ', 1),
(270, '231011400807', '080706TPLP019', 'Mifdzal Azriel', '06TPLP019', 'Ketua kelas', 'V.614  ', 1),
(271, '231011400965', '096506TPLP024', 'Misbachuddin', '06TPLP024', 'Ketua kelas', 'V.619  ', 1),
(272, '221011400378', '037808TPLP009', 'Mochammad Iqbal Suyudi Wijaya', '08TPLP009', 'Ketua kelas', 'V.710  ', 1),
(273, '221011400991', '099108TPLP026', 'Mochammad Rizky', '08TPLP026', 'Ketua kelas', 'V.726  ', 1),
(274, '241011450111', '011103TPLK002', 'Moehamad Raihan', '03TPLK002', 'Ketua kelas', 'V.610  ', 1),
(275, '241011401865', '186504TPLE015', 'Mohamad Adriansah', '04TPLE015', 'Ketua kelas', 'V.620  ', 1),
(276, '231011450131', '013105TPLP003', 'Mohamad Hilmi Sabitul Azmi', '05TPLP003', 'Ketua kelas', 'V.742  ', 1),
(277, '241011401137', '113704TPLP029', 'Mohamad Ichwan Taufik', '04TPLP029', 'Ketua kelas', 'V.732  ', 1),
(278, '231011401987', '198706TPLP022', 'Mohamad Tohari Maolana', '06TPLP022', 'Ketua kelas', 'V.617  ', 1),
(279, '231011402217', '221706TPLM001', 'Muchtar Ali Anwar', '06TPLM001', 'Ketua kelas', 'V.122  ', 1),
(280, '221011450506', '050607TPLE001', 'Mugi Yanto', '07TPLE001', 'Ketua kelas', 'V.713  ', 1),
(281, '241011400611', '061104TPLP015', 'Muhamad Alfikri Ardhana', '04TPLP015', 'Ketua kelas', 'V.223  ', 1),
(282, '241011450524', '052403TPLE002', 'Muhamad Basit', '03TPLE002', 'Ketua kelas', 'V.125  ', 1),
(283, '251011450366', '036601TPLM001', 'Muhamad Bayu', '01TPLM001', 'Ketua kelas', 'V.101', 1),
(284, '241011402746', '274604TPLP013', 'Muhamad Bintang Fato Pratama', '04TPLP013', 'Ketua kelas', 'V.221  ', 1),
(285, '241011402776', '277604TPLM001', 'Muhamad Fahim', '04TPLM001', 'Ketua kelas', 'V.112  ', 1),
(286, '251011400171', '017102TPLP003', 'Muhamad Gibrans Setiawan', '02TPLP003', 'Ketua kelas', 'V.107  ', 1),
(287, '221011402571', '257108TPLE002', 'Muhamad Iksan', '08TPLE002', 'Ketua kelas', 'V.720  ', 1),
(288, '241011450261', '026102TPLE006', 'Muhamad Iqbal', '02TPLE006', 'Ketua kelas', 'V.113  ', 1),
(289, '231011400249', '024906TPLM002', 'Muhamad Nurdin', '06TPLM002', 'Ketua kelas', 'V.123  ', 1),
(290, '251011402109', '210902TPLK003', 'Muhamad Perdiansyah', '02TPLK003', 'Ketua kelas', 'V.603  ', 1),
(291, '251011400900', '090002TPLP020', 'Muhamad Raysah', '02TPLP020', 'Ketua kelas', 'V.124  ', 1),
(292, '241011400279', '027904TPLP007', 'Muhamad Ridho Fadilah', '04TPLP007', 'Ketua kelas', 'V.216  ', 1),
(293, '251011450192', '019201TPLE005', 'Muhamad Sabillah', '01TPLE005', 'Ketua kelas', 'V.105  ', 1),
(294, '221011403321', '332108TPLK002', 'Muhamad Satriaji', '08TPLK002', 'Ketua kelas', 'V.116  ', 1),
(295, '251011400688', '068802TPLP015', 'Muhamad Zikri Syahrul Romdani', '02TPLP015', 'Ketua kelas', 'V.119  ', 1),
(296, '221011402716', '271608TPLP013', 'Muhamad Zul Sa\'ban', '08TPLP013', 'Ketua kelas', 'V.714  ', 1),
(297, '221011450123', '012307TPLE003', 'Muhamad Zulfiqri', '07TPLE003', 'Ketua kelas', 'V.715  ', 1),
(298, '221011402568', '256808TPLE003', 'Muhammad Abdillah', '08TPLE003', 'Ketua kelas', 'V.721  ', 1),
(299, '241011401280', '128004TPLP033', 'Muhammad Adib Fadli', '04TPLP033', 'Ketua kelas', 'V.736  ', 1),
(300, '231011402760', '276006TPLP003', 'Muhammad Aditya', '06TPLP003', 'Ketua kelas', 'V.745  ', 1),
(301, '221011403327', '332708TPLP001', 'Muhammad Alfin Gio Abidin', '08TPLP001', 'Ketua kelas', 'V.702  ', 1),
(302, '231011450628', '062805TPLM002', 'Muhammad Alvin Adrian', '05TPLM002', 'Ketua kelas', 'V.121  ', 1),
(303, '241011400651', '065104TPLP016', 'Muhammad Arif Syahrudin', '04TPLP016', 'Ketua kelas', 'V.224  ', 1),
(304, '251011401876', '187602TPLP005', 'Muhammad Arya Kahfi', '02TPLP005', 'Ketua kelas', 'V.109  ', 1),
(305, '221011403071', '307108TPLK003', 'Muhammad Ayub Yunus', '08TPLK003', 'Ketua kelas', 'V.117  ', 1),
(306, '251011401151', '115102TPLP026', 'Muhammad Azriel', '02TPLP026', 'Ketua kelas', 'V.202  ', 1),
(307, '241011402190', '219004TPLM003', 'Muhammad Azril Ayatu Syifa', '04TPLM003', 'Ketua kelas', 'V.114  ', 1),
(308, '231011400622', '062206TPLP014', 'Muhammad Bimo Krisyono', '06TPLP014', 'Ketua kelas', 'V.606  ', 1),
(309, '241011400943', '094304TPLK006', 'Muhammad Dafin Saputra', '04TPLK006', 'Ketua kelas', 'V.101', 1),
(310, '241011401966', '196604TPLE004', 'Muhammad Dicky Fadhillah', '04TPLE004', 'Ketua kelas', 'V.606  ', 1),
(311, '241011400360', '036004TPLP009', 'Muhammad Fadhillah Akbar', '04TPLP009', 'Ketua kelas', 'V.218  ', 1),
(312, '221011450257', '025707TPLP003', 'Muhammad Faqih Alharits', '07TPLP003', 'Ketua kelas', 'V.701  ', 1),
(313, '221011401096', '109608TPLP029', 'Muhammad Fatih Iqbal', '08TPLP029', 'Ketua kelas', 'V.727  ', 1),
(314, '221011402010', '201008TPLE008', 'Muhammad Ferry Nandiwardana', '08TPLE008', 'Ketua kelas', 'V.725  ', 1),
(315, '251011400896', '089602TPLE013', 'Muhammad Firdaus', '02TPLE013', 'Ketua kelas', 'V.120  ', 1),
(316, '241011403351', '335104TPLP001', 'Muhammad Gilang Wicaksana', '04TPLP001', 'Ketua kelas', 'V.210  ', 1),
(317, '251011400807', '080702TPLP018', 'Muhammad Hilmi Munandar', '02TPLP018', 'Ketua kelas', 'V.122  ', 1),
(318, '241011400566', '056604TPLP014', 'Muhammad Kevin Akbar Nasution', '04TPLP014', 'Ketua kelas', 'V.222  ', 1),
(319, '221011450042', '004207TPLM001', 'Muhammad Khaesar Juniardi', '07TPLM001', 'Ketua kelas', 'V.604  ', 1),
(320, '221011400977', '097708TPLP025', 'Muhammad Luthfi Khoirullah', '08TPLP025', 'Ketua kelas', 'V.725  ', 1),
(321, '221011400228', '022808TPLE005', 'Muhammad Mustaqiim', '08TPLE005', 'Ketua kelas', 'V.723  ', 1),
(322, '231011403288', '328806TPLE013', 'Muhammad Najhan Tsaani', '06TPLE013', 'Ketua kelas', 'V.706  ', 1),
(323, '241011400339', '033904TPLK003', 'Muhammad Nurusshobah', '04TPLK003', 'Ketua kelas', 'V.615  ', 1),
(324, '241011401069', '106904TPLE013', 'Muhammad Raffi Ramadhan', '04TPLE013', 'Ketua kelas', 'V.618  ', 1),
(325, '221011400929', '092908TPLP023', 'Muhammad Raihan', '08TPLP023', 'Ketua kelas', 'V.723A  ', 1),
(326, '251011400370', '037002TPLP007', 'Muhammad Raihan Firdaus', '02TPLP007', 'Ketua kelas', 'V.111  ', 1),
(327, '241011402578', '257804TPLE001', 'Muhammad Ridho Arofie', '04TPLE001', 'Ketua kelas', 'V.603  ', 1),
(328, '241011400675', '067504TPLM005', 'Muhammad Ridwan Arifin', '04TPLM005', 'Ketua kelas', 'V.116  ', 1),
(329, '221011400439', '043908TPLP010', 'Muhammad Rifqi', '08TPLP010', 'Ketua kelas', 'V.711  ', 1),
(330, '221011400528', '052808TPLE011', 'Muhammad Rifqi Saifulloh', '08TPLE011', 'Ketua kelas', 'V.728  ', 1),
(331, '231011401023', '102306TPLE016', 'Muhammad Rizki Asyakur', '06TPLE016', 'Ketua kelas', 'V.709  ', 1),
(332, '231011400406', '040606TPLM003', 'Muhammad Rizky Ramadhan', '06TPLM003', 'Ketua kelas', 'V.124  ', 1),
(333, '231011450177', '017705TPLE006', 'Muji Marta Qodri', '05TPLE006', 'Ketua kelas', 'V.626  ', 1),
(334, '221011450519', '051907TPLP001', 'Murni', '07TPLP001', 'Ketua kelas', 'V.632  ', 1),
(335, '231011450426', '042605TPLE005', 'Najlah', '05TPLE005', 'Ketua kelas', 'V.727  ', 1),
(336, '251011400860', '086002TPLP019', 'Nashoihul Ibad Al Ghiffary', '02TPLP019', 'Ketua kelas', 'V.123  ', 1),
(337, '251011401084', '108402TPLE014', 'Natalia Anastasya .s', '02TPLE014', 'Ketua kelas', 'V.121  ', 1),
(338, '231011400464', '046406TPLE017', 'Natalius Dachi', '06TPLE017', 'Ketua kelas', 'V.710  ', 1),
(339, '251011400623', '062302TPLE010', 'Nur', '02TPLE010', 'Ketua kelas', 'V.117  ', 1),
(340, '221011400175', '017508TPLE004', 'Nur Cholis Majid', '08TPLE004', 'Ketua kelas', 'V.722  ', 1),
(341, '221011450161', '016107TPLE006', 'Nurman Fauzan Hidayana', '07TPLE006', 'Ketua kelas', 'V.718  ', 1),
(342, '251011400618', '061802TPLP013', 'Nurul Aliftia', '02TPLP013', 'Ketua kelas', 'V.117  ', 1),
(343, '241011400163', '016304TPLE003', 'Nuzululhaz Khofifah', '04TPLE003', 'Ketua kelas', 'V.605  ', 1),
(344, '221011400006', '000608TPLM002', 'Oktafpianus Gea', '08TPLM002', 'Ketua kelas', 'V.608  ', 1),
(345, '241011400306', '030604TPLM002', 'P.kanisius Bagaskara', '04TPLM002', 'Ketua kelas', 'V.113  ', 1),
(346, '241011403019', '301904TPLP030', 'Palahudin', '04TPLP030', 'Ketua kelas', 'V.733  ', 1),
(347, '251011400197', '019702TPLM002', 'Pangestu Putra Hakiki', '02TPLM002', 'Ketua kelas', 'V.104  ', 1),
(348, '241011400370', '037004TPLE006', 'Pasya Syamil Disyah', '04TPLE006', 'Ketua kelas', 'V.609  ', 1),
(349, '241011450535', '053503TPLE005', 'Pranan Jaya', '03TPLE005', 'Ketua kelas', 'V.128  ', 1),
(350, '241011400837', '083704TPLE011', 'Puspa Indah Maya Dewi', '04TPLE011', 'Ketua kelas', 'V.616  ', 1),
(351, '251011401113', '111302TPLP025', 'Rachmat Ridho Alfath', '02TPLP025', 'Ketua kelas', 'V.201  ', 1),
(352, '251011400464', '046402TPLP009', 'Rafa Adrian', '02TPLP009', 'Ketua kelas', 'V.113  ', 1),
(353, '231011450411', '041105TPLK002', 'Raffa Afrian Mulyana', '05TPLK002', 'Ketua kelas', 'V.104  ', 1),
(354, '231011402671', '267106TPLM007', 'Rafi Musyafa Ahmad', '06TPLM007', 'Ketua kelas', 'V.128  ', 1),
(355, '241011401315', '131504TPLP034', 'Raihan Shandi Adrida Meilano', '04TPLP034', 'Ketua kelas', 'V.737  ', 1),
(356, '251011401321', '132102TPLP030', 'Rakha Mazaya Haeru', '02TPLP030', 'Ketua kelas', 'V.206  ', 1),
(357, '241011403051', '305104TPLK007', 'Rasyid Akmal', '04TPLK007', 'Ketua kelas', 'V.102  ', 1),
(358, '251011450367', '036701TPLP002', 'Ratu Dyra Berliani', '01TPLP002', 'Ketua kelas', 'V.102  ', 1),
(359, '231011450652', '065205TPLE001', 'Regi Rizky Anugrah', '05TPLE001', 'Ketua kelas', 'V.621  ', 1),
(360, '251011401236', '123602TPLP028', 'Reginaldi Purwanika', '02TPLP028', 'Ketua kelas', 'V.204  ', 1),
(361, '251011400209', '020902TPLK002', 'Renitta', '02TPLK002', 'Ketua kelas', 'V.602  ', 1),
(362, '251011400741', '074102TPLK005', 'Reva Rahmawati', '02TPLK005', 'Ketua kelas', 'V.605  ', 1),
(363, '231011401910', '191006TPLP025', 'Revaldi Winata', '06TPLP025', 'Ketua kelas', 'V.620  ', 1),
(364, '221011403174', '317408TPLM008', 'Reza Fahlevi', '08TPLM008', 'Ketua kelas', 'V.616  ', 1),
(365, '231011450013', '001305TPLP001', 'Ricardo Adi Satria', '05TPLP001', 'Ketua kelas', 'V.740  ', 1),
(366, '231011402619', '261906TPLE007', 'Ridwan', '06TPLE007', 'Ketua kelas', 'V.633  ', 1),
(367, '251011400634', '063402TPLM004', 'Rizki Febriansyah', '02TPLM004', 'Ketua kelas', 'V.107  ', 1),
(368, '241011402562', '256204TPLP010', 'Rizki Novendra', '04TPLP010', 'Ketua kelas', 'V.219  ', 1),
(369, '231011401198', '119806TPLK001', 'Rizky Adi Kurniawan', '06TPLK001', 'Ketua kelas', 'V.105  ', 1),
(370, '231011400441', '044106TPLE009', 'Rizky Ichwan Purnama', '06TPLE009', 'Ketua kelas', 'V.702  ', 1),
(371, '221011401739', '173908TPLE009', 'Rizky Putra Maulana', '08TPLE009', 'Ketua kelas', 'V.726  ', 1),
(372, '231011400496', '049606TPLP011', 'Rizky Zehan\'s Onassis', '06TPLP011', 'Ketua kelas', 'V.603  ', 1),
(373, '231011400395', '039506TPLP009', 'Ryan Hidayat', '06TPLP009', 'Ketua kelas', 'V.601  ', 1),
(374, '221011400235', '023508TPLP005', 'Saiyah Awaliyah', '08TPLP005', 'Ketua kelas', 'V.706  ', 1),
(375, '221011450152', '015207TPLP002', 'Saldy Saputra', '07TPLP002', 'Ketua kelas', 'V.633A  ', 1),
(376, '231011450277', '027705TPLM001', 'Sana', '05TPLM001', 'Ketua kelas', 'V.120  ', 1),
(377, '251011401786', '178602TPLE011', 'Santi Dwi Lestari', '02TPLE011', 'Ketua kelas', 'V.118  ', 1),
(378, '231011401211', '121106TPLM009', 'Satria Ghani Prawira', '06TPLM009', 'Ketua kelas', 'V.602  ', 1),
(379, '251011450219', '021901TPLM002', 'Sayyit Kandiyas', '01TPLM002', 'Ketua kelas', 'V.102  ', 1),
(380, '231011402390', '239006TPLP031', 'Septi Amalia', '06TPLP031', 'Ketua kelas', 'V.626  ', 1),
(381, '231011400555', '055506TPLP012', 'Septiantoro Sogema Fourteen', '06TPLP012', 'Ketua kelas', 'V.604  ', 1),
(382, '241011403051', '305104TPLK007', 'Rasyid Akmal', '04TPLK007', 'Ketua kelas', 'V.102  ', 1),
(383, '251011450367', '036701TPLP002', 'Ratu Dyra Berliani', '01TPLP002', 'Ketua kelas', 'V.102  ', 1),
(384, '231011450652', '065205TPLE001', 'Regi Rizky Anugrah', '05TPLE001', 'Ketua kelas', 'V.621  ', 1),
(385, '251011401236', '123602TPLP028', 'Reginaldi Purwanika', '02TPLP028', 'Ketua kelas', 'V.204  ', 1),
(386, '251011400209', '020902TPLK002', 'Renitta', '02TPLK002', 'Ketua kelas', 'V.602  ', 1),
(387, '251011400741', '074102TPLK005', 'Reva Rahmawati', '02TPLK005', 'Ketua kelas', 'V.605  ', 1),
(388, '231011401910', '191006TPLP025', 'Revaldi Winata', '06TPLP025', 'Ketua kelas', 'V.620  ', 1),
(389, '221011403174', '317408TPLM008', 'Reza Fahlevi', '08TPLM008', 'Ketua kelas', 'V.616  ', 1),
(390, '231011450013', '001305TPLP001', 'Ricardo Adi Satria', '05TPLP001', 'Ketua kelas', 'V.740  ', 1),
(391, '231011402619', '261906TPLE007', 'Ridwan', '06TPLE007', 'Ketua kelas', 'V.633  ', 1),
(392, '251011400634', '063402TPLM004', 'Rizki Febriansyah', '02TPLM004', 'Ketua kelas', 'V.107  ', 1),
(393, '241011402562', '256204TPLP010', 'Rizki Novendra', '04TPLP010', 'Ketua kelas', 'V.219  ', 1),
(394, '231011401198', '119806TPLK001', 'Rizky Adi Kurniawan', '06TPLK001', 'Ketua kelas', 'V.105  ', 1),
(395, '231011400441', '044106TPLE009', 'Rizky Ichwan Purnama', '06TPLE009', 'Ketua kelas', 'V.702  ', 1),
(396, '221011401739', '173908TPLE009', 'Rizky Putra Maulana', '08TPLE009', 'Ketua kelas', 'V.726  ', 1),
(398, '231011400395', '039506TPLP009', 'Ryan Hidayat', '06TPLP009', 'Ketua kelas', 'V.601  ', 1),
(399, '221011400235', '023508TPLP005', 'Saiyah Awaliyah', '08TPLP005', 'Ketua kelas', 'V.706  ', 1),
(400, '221011450152', '015207TPLP002', 'Saldy Saputra', '07TPLP002', 'Ketua kelas', 'V.633A  ', 1),
(401, '231011450277', '027705TPLM001', 'Sana', '05TPLM001', 'Ketua kelas', 'V.120  ', 1),
(402, '251011401786', '178602TPLE011', 'Santi Dwi Lestari', '02TPLE011', 'Ketua kelas', 'V.118  ', 1),
(403, '231011401211', '121106TPLM009', 'Satria Ghani Prawira', '06TPLM009', 'Ketua kelas', 'V.602  ', 1),
(404, '251011450219', '021901TPLM002', 'Sayyit Kandiyas', '01TPLM002', 'Ketua kelas', 'V.102  ', 1),
(405, '231011402390', '239006TPLP031', 'Septi Amalia', '06TPLP031', 'Ketua kelas', 'V.626  ', 1),
(406, '231011400555', '055506TPLP012', 'Septiantoro Sogema Fourteen', '06TPLP012', 'Ketua kelas', 'V.604  ', 1),
(407, '251011450163', '016301TPLE001', 'Silviana Agustin', '01TPLE001', 'Ketua kelas', 'V.101', 1),
(408, '251011401195', '119502TPLE016', 'Siti Nia Nursyfa', '02TPLE016', 'Ketua kelas', 'V.123  ', 1),
(409, '221011400953', '095308TPLP024', 'Sitiyani Basuki', '08TPLP024', 'Ketua kelas', 'V.724  ', 1),
(410, '231011401477', '147706TPLP036', 'Sutikno Aji', '06TPLP036', 'Ketua kelas', 'V.631  ', 1),
(411, '231011401400', '140006TPLP034', 'Syafiq Muhammad Fauzi', '06TPLP034', 'Ketua kelas', 'V.629  ', 1),
(412, '241011450031', '003103TPLM001', 'Syafiqa', '03TPLM001', 'Ketua kelas', 'V.110  ', 1),
(413, '251011400587', '058702TPLP012', 'Syahrul Ilham Setiawan', '02TPLP012', 'Ketua kelas', 'V.116  ', 1),
(414, '231011400475', '047506TPLP010', 'Testarina Tatiana Hermansyah', '06TPLP010', 'Ketua kelas', 'V.602  ', 1),
(415, '241011401936', '193604TPLP006', 'Timothy Tarumaselley', '04TPLP006', 'Ketua kelas', 'V.215  ', 1),
(416, '221011402419', '241908TPLE013', 'Tio Alvin Gusha', '08TPLE013', 'Ketua kelas', 'V.730  ', 1),
(417, '221011402154', '215408TPLP011', 'Tirta Adhi Samsara', '08TPLP011', 'Ketua kelas', 'V.712  ', 1),
(418, '221011402646', '264608TPLM006', 'Tri Puji Antoro', '08TPLM006', 'Ketua kelas', 'V.614  ', 1),
(419, '231011401286', '128606TPLM010', 'Ugem Zilullah', '06TPLM010', 'Ketua kelas', 'V.603  ', 1),
(420, '231011400701', '070106TPLP016', 'Verry Nur Imansyah', '06TPLP016', 'Ketua kelas', 'V.609  ', 1),
(421, '251011402436', '243602TPLE003', 'Vicky Sanjaya', '02TPLE003', 'Ketua kelas', 'V.110  ', 1),
(422, '221011401589', '158908TPLM004', 'Vito Boni Ananda', '08TPLM004', 'Ketua kelas', 'V.610  ', 1),
(423, '241011400776', '077604TPLP019', 'Wahyu Adhi Antomo', '04TPLP019', 'Ketua kelas', 'V.317A  ', 1),
(424, '231011450154', '015405TPLE003', 'Widi Purnama Sidi', '05TPLE003', 'Ketua kelas', 'V.623  ', 1),
(425, '221011401743', '174308TPLP016', 'Yayang Sulistyawati', '08TPLP016', 'Ketua kelas', 'V.717  ', 1),
(426, '231011402319', '231906TPLP017', 'Yohanes Hutagaol', '06TPLP017', 'Ketua kelas', 'V.610  ', 1),
(427, '231011400849', '084906TPLP020', 'Yordi Wiranata', '06TPLP020', 'Ketua kelas', 'V.615  ', 1),
(428, '221011450323', '032307TPLE005', 'Yudistira Tanjung', '07TPLE005', 'Ketua kelas', 'V.717  ', 1),
(429, '251011402074', '207402TPLP006', 'Yudo Rachmat Pratama', '02TPLP006', 'Ketua kelas', 'V.110  ', 1),
(430, '251011450156', '015601TPLE002', 'Yulius Giawa', '01TPLE002', 'Ketua kelas', 'V.102  ', 1),
(431, '221011402080', '208008TPLP020', 'Yuni Rubieanti', '08TPLP020', 'Ketua kelas', 'V.721  ', 1),
(432, '241011450260', '026003TPLM002', 'Zacky Raihan Ramadhan', '03TPLM002', 'Ketua kelas', 'V.111  ', 1),
(433, '251011450246', '024601TPLE006', 'Zainul Fattahurrojak', '01TPLE006', 'Ketua kelas', 'V.107  ', 1),
(434, '231011401840', '184006TPLK006', 'Zalietha Adzqia Az Zukhruf', '06TPLK006', 'Ketua kelas', 'V.111  ', 1),
(435, '241011450306', '030603TPLP002', 'Zidan Achilla Muhammad Azka', '03TPLP002', 'Ketua kelas', 'V.208A  ', 1),
(436, '251011401014', '$2y$10$AlcfkVHosps//UbQhW1MGenbrgnJdFuMMcA19Ip5cRu8R5J1abi6e', 'Shierly Dewiandi Putri Megantara', '02TPLP022 ', 'Ketua kelas', 'V.622', 1),
(437, '251011450349', '$2y$10$pXHcjAtUM44KLYWCUmccPOXBZg.iFhrb5QBhKuvAo5HAPo/usmU22', 'Moch Azriel Athallah', '01TPLE004', 'Ketua kelas', 'V.622', 1),
(439, '231011407777', 'doe123', 'Jhon Doe', '04TPLP077', 'Ketua kelas', 'V.101', 0);

--
-- Indexes for dumped tables
--

--
-- Indeks untuk tabel `barang`
--
ALTER TABLE `barang`
  ADD PRIMARY KEY (`id_barang`),
  ADD KEY `fk_barang_kategori` (`id_kategori`);

--
-- Indeks untuk tabel `container`
--
ALTER TABLE `container`
  ADD PRIMARY KEY (`id_container`),
  ADD KEY `fk_container_ruangan` (`kode_ruangan`),
  ADD KEY `fk_container_barang` (`id_barang`),
  ADD KEY `fk_container_user` (`id_user`);

--
-- Indeks untuk tabel `container_barang`
--
ALTER TABLE `container_barang`
  ADD PRIMARY KEY (`id_container_barang`),
  ADD KEY `fk_cb_container` (`id_container`),
  ADD KEY `fk_cb_barang` (`id_barang`);

--
-- Indeks untuk tabel `kategori_barang`
--
ALTER TABLE `kategori_barang`
  ADD PRIMARY KEY (`id_kategori`);

--
-- Indeks untuk tabel `laporan`
--
ALTER TABLE `laporan`
  ADD PRIMARY KEY (`id_laporan`),
  ADD KEY `id_user` (`id_user`),
  ADD KEY `id_barang` (`id_barang`),
  ADD KEY `id_ruangan` (`kode_ruangan`),
  ADD KEY `fk_laporan_container` (`id_container`);

--
-- Indeks untuk tabel `riwayat_export`
--
ALTER TABLE `riwayat_export`
  ADD PRIMARY KEY (`id_export`);

--
-- Indeks untuk tabel `ruangan`
--
ALTER TABLE `ruangan`
  ADD PRIMARY KEY (`kode_ruangan`);

--
-- Indeks untuk tabel `ruangan_barang`
--
ALTER TABLE `ruangan_barang`
  ADD PRIMARY KEY (`id_ruangan_barang`),
  ADD KEY `fk_barang` (`id_barang`),
  ADD KEY `fk_ruangan` (`kode_ruangan`),
  ADD KEY `fk_monitoring_user` (`id_user`);

--
-- Indeks untuk tabel `user`
--
ALTER TABLE `user`
  ADD PRIMARY KEY (`id_user`),
  ADD KEY `id_ruangan` (`kode_ruangan`);

--
-- AUTO_INCREMENT untuk tabel yang dibuang
--

--
-- AUTO_INCREMENT untuk tabel `barang`
--
ALTER TABLE `barang`
  MODIFY `id_barang` int NOT NULL AUTO_INCREMENT, AUTO_INCREMENT=35;

--
-- AUTO_INCREMENT untuk tabel `container`
--
ALTER TABLE `container`
  MODIFY `id_container` int NOT NULL AUTO_INCREMENT, AUTO_INCREMENT=14;

--
-- AUTO_INCREMENT untuk tabel `container_barang`
--
ALTER TABLE `container_barang`
  MODIFY `id_container_barang` int NOT NULL AUTO_INCREMENT, AUTO_INCREMENT=6;

--
-- AUTO_INCREMENT untuk tabel `kategori_barang`
--
ALTER TABLE `kategori_barang`
  MODIFY `id_kategori` int NOT NULL AUTO_INCREMENT, AUTO_INCREMENT=7;

--
-- AUTO_INCREMENT untuk tabel `laporan`
--
ALTER TABLE `laporan`
  MODIFY `id_laporan` int NOT NULL AUTO_INCREMENT, AUTO_INCREMENT=12;

--
-- AUTO_INCREMENT untuk tabel `riwayat_export`
--
ALTER TABLE `riwayat_export`
  MODIFY `id_export` int NOT NULL AUTO_INCREMENT, AUTO_INCREMENT=3;

--
-- AUTO_INCREMENT untuk tabel `ruangan_barang`
--
ALTER TABLE `ruangan_barang`
  MODIFY `id_ruangan_barang` int NOT NULL AUTO_INCREMENT, AUTO_INCREMENT=1449;

--
-- AUTO_INCREMENT untuk tabel `user`
--
ALTER TABLE `user`
  MODIFY `id_user` int NOT NULL AUTO_INCREMENT, AUTO_INCREMENT=444;

--
-- Ketidakleluasaan untuk tabel pelimpahan (Dumped Tables)
--

--
-- Ketidakleluasaan untuk tabel `barang`
--
ALTER TABLE `barang`
  ADD CONSTRAINT `fk_barang_kategori` FOREIGN KEY (`id_kategori`) REFERENCES `kategori_barang` (`id_kategori`) ON DELETE SET NULL;

--
-- Ketidakleluasaan untuk tabel `container`
--
ALTER TABLE `container`
  ADD CONSTRAINT `fk_container_barang` FOREIGN KEY (`id_barang`) REFERENCES `barang` (`id_barang`) ON DELETE CASCADE,
  ADD CONSTRAINT `fk_container_ruangan` FOREIGN KEY (`kode_ruangan`) REFERENCES `ruangan` (`kode_ruangan`) ON DELETE CASCADE,
  ADD CONSTRAINT `fk_container_user` FOREIGN KEY (`id_user`) REFERENCES `user` (`id_user`);

--
-- Ketidakleluasaan untuk tabel `container_barang`
--
ALTER TABLE `container_barang`
  ADD CONSTRAINT `fk_cb_barang` FOREIGN KEY (`id_barang`) REFERENCES `barang` (`id_barang`) ON DELETE CASCADE,
  ADD CONSTRAINT `fk_cb_container` FOREIGN KEY (`id_container`) REFERENCES `container` (`id_container`) ON DELETE CASCADE;

--
-- Ketidakleluasaan untuk tabel `laporan`
--
ALTER TABLE `laporan`
  ADD CONSTRAINT `fk_laporan_container` FOREIGN KEY (`id_container`) REFERENCES `container` (`id_container`),
  ADD CONSTRAINT `laporan_ibfk_1` FOREIGN KEY (`id_user`) REFERENCES `user` (`id_user`),
  ADD CONSTRAINT `laporan_ibfk_2` FOREIGN KEY (`id_barang`) REFERENCES `barang` (`id_barang`),
  ADD CONSTRAINT `laporan_ibfk_3` FOREIGN KEY (`kode_ruangan`) REFERENCES `ruangan` (`kode_ruangan`) ON UPDATE CASCADE;

--
-- Ketidakleluasaan untuk tabel `ruangan_barang`
--
ALTER TABLE `ruangan_barang`
  ADD CONSTRAINT `fk_barang` FOREIGN KEY (`id_barang`) REFERENCES `barang` (`id_barang`) ON DELETE CASCADE ON UPDATE CASCADE,
  ADD CONSTRAINT `fk_monitoring_user` FOREIGN KEY (`id_user`) REFERENCES `user` (`id_user`),
  ADD CONSTRAINT `fk_ruangan` FOREIGN KEY (`kode_ruangan`) REFERENCES `ruangan` (`kode_ruangan`) ON DELETE CASCADE ON UPDATE CASCADE;

--
-- Ketidakleluasaan untuk tabel `user`
--
ALTER TABLE `user`
  ADD CONSTRAINT `user_ibfk_1` FOREIGN KEY (`kode_ruangan`) REFERENCES `ruangan` (`kode_ruangan`) ON UPDATE CASCADE;
COMMIT;

/*!40101 SET CHARACTER_SET_CLIENT=@OLD_CHARACTER_SET_CLIENT */;
/*!40101 SET CHARACTER_SET_RESULTS=@OLD_CHARACTER_SET_RESULTS */;
/*!40101 SET COLLATION_CONNECTION=@OLD_COLLATION_CONNECTION */;
